start_date_time,ProfileID,actual_points_entered
2/23/21 9:00 PM,34543,69.7
3/2/21 6:00 PM,32855,51.5
3/2/21 6:00 PM,33706,90.9
3/2/21 6:00 PM,33712,93.9
3/2/21 6:00 PM,33727,93.9
3/2/21 6:00 PM,34181,100
3/2/21 6:00 PM,34470,63.6
3/2/21 6:00 PM,34487,54.5
3/2/21 6:00 PM,34490,87.9
3/2/21 6:00 PM,34491,63.6
3/2/21 6:00 PM,34514,84.8
3/2/21 6:00 PM,34528,90.9
3/2/21 6:00 PM,34616,63.6
3/2/21 6:00 PM,34618,87.9
3/2/21 6:00 PM,34691,75.8
3/2/21 6:00 PM,34701,90.9
3/2/21 6:00 PM,34842,75.8
3/2/21 6:00 PM,34949,72.7
3/2/21 6:00 PM,35104,97
3/2/21 6:00 PM,35195,97
3/2/21 6:00 PM,35254,45.5
3/2/21 6:00 PM,35263,60.6
3/2/21 6:00 PM,35280,100
3/2/21 6:00 PM,35416,90.9
3/2/21 6:00 PM,35446,45.5
3/2/21 6:00 PM,35459,48.5
3/2/21 6:00 PM,35464,57.6
3/2/21 6:00 PM,35466,93.9
3/2/21 6:00 PM,35479,81.8
3/2/21 6:00 PM,35481,90.9
3/2/21 6:00 PM,35560,90.9
3/2/21 6:00 PM,35580,84.8
3/2/21 6:00 PM,35636,93.9
3/2/21 6:00 PM,35645,97
3/2/21 6:00 PM,35693,87.9
3/2/21 6:00 PM,35703,81.8
3/2/21 6:00 PM,35937,66.7
3/2/21 6:00 PM,35938,54.5
3/2/21 6:00 PM,35960,72.7
3/2/21 6:00 PM,36016,69.7
3/2/21 6:00 PM,36031,78.8
3/2/21 6:00 PM,36048,87.9
3/2/21 6:00 PM,36057,84.8
3/2/21 6:00 PM,36081,100
3/2/21 6:00 PM,36094,78.8
3/2/21 6:00 PM,36095,81.8
3/2/21 6:00 PM,36096,100
3/2/21 6:00 PM,36105,84.8
3/2/21 6:00 PM,36107,81.8
3/2/21 6:00 PM,36159,100
3/2/21 6:00 PM,36176,72.7
3/2/21 6:00 PM,36260,87.9
3/2/21 6:00 PM,36273,90.9
3/2/21 9:00 PM,36250,63.6
3/3/21 6:00 AM,26302,60.6
3/3/21 6:00 AM,26474,81.8
3/3/21 6:00 AM,33079,100
3/3/21 6:00 AM,33402,0
3/3/21 6:00 AM,33505,78.8
3/3/21 6:00 AM,33975,90.9
3/3/21 6:00 AM,34026,51.5
3/3/21 6:00 AM,34074,100
3/3/21 6:00 AM,34424,75.8
3/3/21 6:00 AM,34443,87.9
3/3/21 6:00 AM,34535,97
3/3/21 6:00 AM,35003,100
3/3/21 6:00 AM,35181,84.8
3/3/21 6:00 AM,35224,97
3/3/21 6:00 AM,35253,97
3/3/21 6:00 AM,35257,97
3/3/21 6:00 AM,35267,100
3/3/21 6:00 AM,35412,90.9
3/3/21 6:00 AM,35418,93.9
3/3/21 6:00 AM,35421,78.8
3/3/21 6:00 AM,35432,100
3/3/21 6:00 AM,35437,78.8
3/3/21 6:00 AM,35561,87.9
3/3/21 6:00 AM,35571,84.8
3/3/21 6:00 AM,35586,87.9
3/3/21 6:00 AM,35602,87.9
3/3/21 6:00 AM,35615,69.7
3/3/21 6:00 AM,35629,78.8
3/3/21 6:00 AM,35634,93.9
3/3/21 6:00 AM,35640,93.9
3/3/21 6:00 AM,35651,69.7
3/3/21 6:00 AM,35669,84.8
3/3/21 6:00 AM,35672,78.8
3/3/21 6:00 AM,35673,100
3/3/21 6:00 AM,35683,81.8
3/3/21 6:00 AM,35685,100
3/3/21 6:00 AM,35688,75.8
3/3/21 6:00 AM,35694,90.9
3/3/21 6:00 AM,35728,87.9
3/3/21 6:00 AM,35731,84.8
3/3/21 6:00 AM,35736,60.6
3/3/21 6:00 AM,35741,100
3/3/21 6:00 AM,35742,100
3/3/21 6:00 AM,35744,100
3/3/21 6:00 AM,35746,90.9
3/3/21 6:00 AM,35800,97
3/3/21 6:00 AM,35833,81.8
3/3/21 6:00 AM,35860,78.8
3/3/21 6:00 AM,35915,93.9
3/3/21 6:00 AM,35928,100
3/3/21 6:00 AM,35949,100
3/3/21 6:00 AM,35959,75.8
3/3/21 6:00 AM,35971,75.8
3/3/21 6:00 AM,35972,84.8
3/3/21 6:00 AM,35993,48.5
3/3/21 6:00 AM,36050,78.8
3/3/21 6:00 AM,36121,81.8
3/3/21 6:00 AM,36125,97
3/3/21 6:00 AM,36130,78.8
3/3/21 6:00 AM,36131,93.9
3/3/21 6:00 AM,36146,66.7
3/3/21 6:00 AM,36162,87.9
3/3/21 6:00 AM,36164,100
3/3/21 6:00 AM,36171,90.9
3/3/21 6:00 AM,36173,87.9
3/3/21 6:00 AM,36175,93.9
3/3/21 6:00 AM,36206,90.9
3/3/21 6:00 AM,36209,69.7
3/3/21 6:00 AM,36235,84.8
3/3/21 6:00 AM,36282,63.6
3/3/21 6:00 AM,36293,93.9
3/3/21 6:00 AM,36296,63.6
3/3/21 6:00 AM,36335,75.8
3/3/21 6:00 AM,36403,90.9
3/3/21 6:00 AM,36413,66.7
3/3/21 6:00 AM,36418,87.9
3/3/21 8:00 PM,34,NULL
3/3/21 8:00 PM,39,NULL
3/3/21 8:00 PM,126,NULL
3/3/21 8:00 PM,2224,NULL
3/3/21 8:00 PM,7729,NULL
3/3/21 8:00 PM,15333,NULL
3/3/21 8:00 PM,16301,NULL
3/3/21 8:00 PM,19968,NULL
3/3/21 8:00 PM,23409,0
3/3/21 8:00 PM,23461,36.4
3/3/21 8:00 PM,24287,0
3/3/21 8:00 PM,24937,NULL
3/3/21 8:00 PM,25142,NULL
3/3/21 8:00 PM,25459,NULL
3/3/21 8:00 PM,27118,90.9
3/3/21 8:00 PM,27295,0
3/3/21 8:00 PM,27298,NULL
3/3/21 8:00 PM,27980,39.4
3/3/21 8:00 PM,28538,NULL
3/3/21 8:00 PM,28966,0
3/3/21 8:00 PM,29457,54.5
3/3/21 8:00 PM,29576,NULL
3/3/21 8:00 PM,29593,NULL
3/3/21 8:00 PM,29646,NULL
3/3/21 8:00 PM,29667,63.6
3/3/21 8:00 PM,29722,60.6
3/3/21 8:00 PM,29732,0
3/3/21 8:00 PM,29880,0
3/3/21 8:00 PM,30136,78.8
3/3/21 8:00 PM,30149,48.5
3/3/21 8:00 PM,30155,75.8
3/3/21 8:00 PM,30187,69.7
3/3/21 8:00 PM,30190,75.8
3/3/21 8:00 PM,30197,36.4
3/3/21 8:00 PM,30203,97
3/3/21 8:00 PM,30208,69.7
3/3/21 8:00 PM,30255,NULL
3/3/21 8:00 PM,30504,87.9
3/3/21 8:00 PM,30666,0
3/3/21 8:00 PM,31217,100
3/3/21 8:00 PM,31269,NULL
3/3/21 8:00 PM,31287,0
3/3/21 8:00 PM,31702,69.7
3/3/21 8:00 PM,31862,97
3/3/21 8:00 PM,31889,0
3/3/21 8:00 PM,31923,69.7
3/3/21 8:00 PM,31933,NULL
3/3/21 8:00 PM,33134,NULL
3/3/21 8:00 PM,33410,81.8
3/3/21 8:00 PM,33432,97
3/3/21 8:00 PM,33448,84.8
3/3/21 8:00 PM,33478,NULL
3/3/21 8:00 PM,33488,81.8
3/3/21 8:00 PM,33553,87.9
3/3/21 8:00 PM,33566,NULL
3/3/21 8:00 PM,33587,100
3/3/21 8:00 PM,33594,93.9
3/3/21 8:00 PM,33598,97
3/3/21 8:00 PM,33605,84.8
3/3/21 8:00 PM,33617,63.6
3/3/21 8:00 PM,33620,78.8
3/3/21 8:00 PM,33627,81.8
3/3/21 8:00 PM,33629,75.8
3/3/21 8:00 PM,33631,97
3/3/21 8:00 PM,33632,87.9
3/3/21 8:00 PM,33636,97
3/3/21 8:00 PM,33637,72.7
3/3/21 8:00 PM,33639,75.8
3/3/21 8:00 PM,33641,75.8
3/3/21 8:00 PM,33642,87.9
3/3/21 8:00 PM,33645,97
3/3/21 8:00 PM,33646,72.7
3/3/21 8:00 PM,33648,84.8
3/3/21 8:00 PM,33695,NULL
3/3/21 8:00 PM,33697,90.9
3/3/21 8:00 PM,33701,93.9
3/3/21 8:00 PM,33702,93.9
3/3/21 8:00 PM,33710,78.8
3/3/21 8:00 PM,33716,97
3/3/21 8:00 PM,33720,87.9
3/3/21 8:00 PM,33726,81.8
3/3/21 8:00 PM,33731,93.9
3/3/21 8:00 PM,33736,81.8
3/3/21 8:00 PM,33770,90.9
3/3/21 8:00 PM,33785,72.7
3/3/21 8:00 PM,33793,NULL
3/3/21 8:00 PM,33800,NULL
3/3/21 8:00 PM,33803,90.9
3/3/21 8:00 PM,33804,75.8
3/3/21 8:00 PM,33839,66.7
3/3/21 8:00 PM,33848,45.5
3/3/21 8:00 PM,33849,60.6
3/3/21 8:00 PM,33852,87.9
3/3/21 8:00 PM,33978,84.8
3/3/21 8:00 PM,33983,87.9
3/3/21 8:00 PM,33993,97
3/3/21 8:00 PM,33998,66.7
3/3/21 8:00 PM,34007,45.5
3/3/21 8:00 PM,34030,90.9
3/3/21 8:00 PM,34034,90.9
3/3/21 8:00 PM,34060,48.5
3/3/21 8:00 PM,34072,NULL
3/3/21 8:00 PM,34088,30.3
3/3/21 8:00 PM,34099,75.8
3/3/21 8:00 PM,34134,97
3/3/21 8:00 PM,34140,54.5
3/3/21 8:00 PM,34189,42.4
3/3/21 8:00 PM,34212,54.5
3/3/21 8:00 PM,34213,93.9
3/3/21 8:00 PM,34227,48.5
3/3/21 8:00 PM,34252,87.9
3/3/21 8:00 PM,34269,NULL
3/3/21 8:00 PM,34270,NULL
3/3/21 8:00 PM,34271,NULL
3/3/21 8:00 PM,34273,NULL
3/3/21 8:00 PM,34274,NULL
3/3/21 8:00 PM,34309,0
3/3/21 8:00 PM,34322,97
3/3/21 8:00 PM,34349,97
3/3/21 8:00 PM,34369,84.8
3/3/21 8:00 PM,34384,75.8
3/3/21 8:00 PM,34399,66.7
3/3/21 8:00 PM,34406,NULL
3/3/21 8:00 PM,34411,NULL
3/3/21 8:00 PM,34412,NULL
3/3/21 8:00 PM,34413,NULL
3/3/21 8:00 PM,34417,NULL
3/3/21 8:00 PM,34418,NULL
3/3/21 8:00 PM,34427,87.9
3/3/21 8:00 PM,34428,66.7
3/3/21 8:00 PM,34439,72.7
3/3/21 8:00 PM,34440,60.6
3/3/21 8:00 PM,34442,36.4
3/3/21 8:00 PM,34445,78.8
3/3/21 8:00 PM,34446,78.8
3/3/21 8:00 PM,34447,97
3/3/21 8:00 PM,34449,81.8
3/3/21 8:00 PM,34450,72.7
3/3/21 8:00 PM,34451,72.7
3/3/21 8:00 PM,34453,90.9
3/3/21 8:00 PM,34454,72.7
3/3/21 8:00 PM,34455,90.9
3/3/21 8:00 PM,34456,84.8
3/3/21 8:00 PM,34458,60.6
3/3/21 8:00 PM,34459,87.9
3/3/21 8:00 PM,34460,72.7
3/3/21 8:00 PM,34461,90.9
3/3/21 8:00 PM,34462,42.4
3/3/21 8:00 PM,34463,97
3/3/21 8:00 PM,34466,81.8
3/3/21 8:00 PM,34467,63.6
3/3/21 8:00 PM,34468,87.9
3/3/21 8:00 PM,34469,60.6
3/3/21 8:00 PM,34473,84.8
3/3/21 8:00 PM,34474,87.9
3/3/21 8:00 PM,34475,75.8
3/3/21 8:00 PM,34476,69.7
3/3/21 8:00 PM,34477,72.7
3/3/21 8:00 PM,34478,81.8
3/3/21 8:00 PM,34479,84.8
3/3/21 8:00 PM,34480,69.7
3/3/21 8:00 PM,34481,90.9
3/3/21 8:00 PM,34482,72.7
3/3/21 8:00 PM,34483,93.9
3/3/21 8:00 PM,34485,84.8
3/3/21 8:00 PM,34486,87.9
3/3/21 8:00 PM,34488,78.8
3/3/21 8:00 PM,34489,90.9
3/3/21 8:00 PM,34493,75.8
3/3/21 8:00 PM,34494,97
3/3/21 8:00 PM,34495,81.8
3/3/21 8:00 PM,34497,75.8
3/3/21 8:00 PM,34499,93.9
3/3/21 8:00 PM,34502,75.8
3/3/21 8:00 PM,34503,33.3
3/3/21 8:00 PM,34504,48.5
3/3/21 8:00 PM,34506,69.7
3/3/21 8:00 PM,34507,78.8
3/3/21 8:00 PM,34508,78.8
3/3/21 8:00 PM,34509,100
3/3/21 8:00 PM,34510,63.6
3/3/21 8:00 PM,34511,90.9
3/3/21 8:00 PM,34512,93.9
3/3/21 8:00 PM,34515,42.4
3/3/21 8:00 PM,34516,72.7
3/3/21 8:00 PM,34518,84.8
3/3/21 8:00 PM,34519,69.7
3/3/21 8:00 PM,34520,63.6
3/3/21 8:00 PM,34522,87.9
3/3/21 8:00 PM,34524,97
3/3/21 8:00 PM,34525,51.5
3/3/21 8:00 PM,34527,81.8
3/3/21 8:00 PM,34529,93.9
3/3/21 8:00 PM,34530,87.9
3/3/21 8:00 PM,34532,78.8
3/3/21 8:00 PM,34533,93.9
3/3/21 8:00 PM,34537,NULL
3/3/21 8:00 PM,34538,97
3/3/21 8:00 PM,34539,48.5
3/3/21 8:00 PM,34540,87.9
3/3/21 8:00 PM,34541,54.5
3/3/21 8:00 PM,34545,69.7
3/3/21 8:00 PM,34546,75.8
3/3/21 8:00 PM,34548,81.8
3/3/21 8:00 PM,34549,90.9
3/3/21 8:00 PM,34550,90.9
3/3/21 8:00 PM,34551,93.9
3/3/21 8:00 PM,34552,72.7
3/3/21 8:00 PM,34553,75.8
3/3/21 8:00 PM,34555,97
3/3/21 8:00 PM,34556,66.7
3/3/21 8:00 PM,34557,75.8
3/3/21 8:00 PM,34559,66.7
3/3/21 8:00 PM,34560,90.9
3/3/21 8:00 PM,34561,75.8
3/3/21 8:00 PM,34562,57.6
3/3/21 8:00 PM,34564,100
3/3/21 8:00 PM,34568,72.7
3/3/21 8:00 PM,34570,66.7
3/3/21 8:00 PM,34574,66.7
3/3/21 8:00 PM,34575,72.7
3/3/21 8:00 PM,34578,84.8
3/3/21 8:00 PM,34581,87.9
3/3/21 8:00 PM,34583,84.8
3/3/21 8:00 PM,34584,57.6
3/3/21 8:00 PM,34585,EX
3/3/21 8:00 PM,34587,90.9
3/3/21 8:00 PM,34588,81.8
3/3/21 8:00 PM,34589,54.5
3/3/21 8:00 PM,34591,90.9
3/3/21 8:00 PM,34592,97
3/3/21 8:00 PM,34593,97
3/3/21 8:00 PM,34596,84.8
3/3/21 8:00 PM,34597,72.7
3/3/21 8:00 PM,34601,54.5
3/3/21 8:00 PM,34602,87.9
3/3/21 8:00 PM,34605,97
3/3/21 8:00 PM,34606,75.8
3/3/21 8:00 PM,34607,90.9
3/3/21 8:00 PM,34609,87.9
3/3/21 8:00 PM,34610,63.6
3/3/21 8:00 PM,34611,60.6
3/3/21 8:00 PM,34612,54.5
3/3/21 8:00 PM,34614,97
3/3/21 8:00 PM,34617,87.9
3/3/21 8:00 PM,34623,78.8
3/3/21 8:00 PM,34624,93.9
3/3/21 8:00 PM,34625,78.8
3/3/21 8:00 PM,34626,81.8
3/3/21 8:00 PM,34628,69.7
3/3/21 8:00 PM,34630,48.5
3/3/21 8:00 PM,34631,81.8
3/3/21 8:00 PM,34632,66.7
3/3/21 8:00 PM,34633,63.6
3/3/21 8:00 PM,34635,90.9
3/3/21 8:00 PM,34636,87.9
3/3/21 8:00 PM,34637,84.8
3/3/21 8:00 PM,34638,63.6
3/3/21 8:00 PM,34640,54.5
3/3/21 8:00 PM,34644,72.7
3/3/21 8:00 PM,34645,72.7
3/3/21 8:00 PM,34647,90.9
3/3/21 8:00 PM,34649,69.7
3/3/21 8:00 PM,34650,66.7
3/3/21 8:00 PM,34651,78.8
3/3/21 8:00 PM,34654,63.6
3/3/21 8:00 PM,34655,72.7
3/3/21 8:00 PM,34656,78.8
3/3/21 8:00 PM,34659,97
3/3/21 8:00 PM,34661,75.8
3/3/21 8:00 PM,34663,97
3/3/21 8:00 PM,34664,78.8
3/3/21 8:00 PM,34666,57.6
3/3/21 8:00 PM,34667,66.7
3/3/21 8:00 PM,34669,81.8
3/3/21 8:00 PM,34670,87.9
3/3/21 8:00 PM,34671,18.2
3/3/21 8:00 PM,34672,84.8
3/3/21 8:00 PM,34674,84.8
3/3/21 8:00 PM,34675,87.9
3/3/21 8:00 PM,34676,27.3
3/3/21 8:00 PM,34679,78.8
3/3/21 8:00 PM,34681,90.9
3/3/21 8:00 PM,34683,87.9
3/3/21 8:00 PM,34684,60.6
3/3/21 8:00 PM,34686,63.6
3/3/21 8:00 PM,34687,78.8
3/3/21 8:00 PM,34688,90.9
3/3/21 8:00 PM,34689,54.5
3/3/21 8:00 PM,34690,81.8
3/3/21 8:00 PM,34692,81.8
3/3/21 8:00 PM,34694,87.9
3/3/21 8:00 PM,34696,78.8
3/3/21 8:00 PM,34699,81.8
3/3/21 8:00 PM,34700,84.8
3/3/21 8:00 PM,34704,78.8
3/3/21 8:00 PM,34705,87.9
3/3/21 8:00 PM,34706,87.9
3/3/21 8:00 PM,34708,81.8
3/3/21 8:00 PM,34709,93.9
3/3/21 8:00 PM,34710,87.9
3/3/21 8:00 PM,34715,90.9
3/3/21 8:00 PM,34717,100
3/3/21 8:00 PM,34719,93.9
3/3/21 8:00 PM,34720,81.8
3/3/21 8:00 PM,34721,81.8
3/3/21 8:00 PM,34836,NULL
3/3/21 8:00 PM,34845,97
3/3/21 8:00 PM,34906,97
3/3/21 8:00 PM,34909,81.8
3/3/21 8:00 PM,34977,97
3/3/21 8:00 PM,34981,54.5
3/3/21 8:00 PM,35000,63.6
3/3/21 8:00 PM,35044,100
3/3/21 8:00 PM,35053,90.9
3/3/21 8:00 PM,35062,69.7
3/3/21 8:00 PM,35065,100
3/3/21 8:00 PM,35086,93.9
3/3/21 8:00 PM,35087,78.8
3/3/21 8:00 PM,35089,75.8
3/3/21 8:00 PM,35096,72.7
3/3/21 8:00 PM,35112,84.8
3/3/21 8:00 PM,35130,81.8
3/3/21 8:00 PM,35136,72.7
3/3/21 8:00 PM,35139,72.7
3/3/21 8:00 PM,35142,87.9
3/3/21 8:00 PM,35143,81.8
3/3/21 8:00 PM,35152,97
3/3/21 8:00 PM,35169,84.8
3/3/21 8:00 PM,35175,97
3/3/21 8:00 PM,35176,66.7
3/3/21 8:00 PM,35178,57.6
3/3/21 8:00 PM,35183,97
3/3/21 8:00 PM,35196,87.9
3/3/21 8:00 PM,35198,30.3
3/3/21 8:00 PM,35201,87.9
3/3/21 8:00 PM,35203,27.3
3/3/21 8:00 PM,35204,93.9
3/3/21 8:00 PM,35223,81.8
3/3/21 8:00 PM,35225,93.9
3/3/21 8:00 PM,35231,87.9
3/3/21 8:00 PM,35232,84.8
3/3/21 8:00 PM,35233,63.6
3/3/21 8:00 PM,35234,84.8
3/3/21 8:00 PM,35235,84.8
3/3/21 8:00 PM,35236,97
3/3/21 8:00 PM,35241,78.8
3/3/21 8:00 PM,35243,87.9
3/3/21 8:00 PM,35245,90.9
3/3/21 8:00 PM,35246,87.9
3/3/21 8:00 PM,35248,84.8
3/3/21 8:00 PM,35249,84.8
3/3/21 8:00 PM,35250,78.8
3/3/21 8:00 PM,35251,78.8
3/3/21 8:00 PM,35252,100
3/3/21 8:00 PM,35255,81.8
3/3/21 8:00 PM,35261,90.9
3/3/21 8:00 PM,35262,87.9
3/3/21 8:00 PM,35269,78.8
3/3/21 8:00 PM,35270,69.7
3/3/21 8:00 PM,35271,87.9
3/3/21 8:00 PM,35275,81.8
3/3/21 8:00 PM,35277,87.9
3/3/21 8:00 PM,35279,97
3/3/21 8:00 PM,35282,69.7
3/3/21 8:00 PM,35283,93.9
3/3/21 8:00 PM,35284,90.9
3/3/21 8:00 PM,35406,84.8
3/3/21 8:00 PM,35408,63.6
3/3/21 8:00 PM,35409,66.7
3/3/21 8:00 PM,35410,39.4
3/3/21 8:00 PM,35413,75.8
3/3/21 8:00 PM,35415,69.7
3/3/21 8:00 PM,35417,97
3/3/21 8:00 PM,35419,84.8
3/3/21 8:00 PM,35420,100
3/3/21 8:00 PM,35422,75.8
3/3/21 8:00 PM,35423,81.8
3/3/21 8:00 PM,35424,87.9
3/3/21 8:00 PM,35425,93.9
3/3/21 8:00 PM,35427,75.8
3/3/21 8:00 PM,35428,97
3/3/21 8:00 PM,35429,81.8
3/3/21 8:00 PM,35430,90.9
3/3/21 8:00 PM,35431,93.9
3/3/21 8:00 PM,35433,100
3/3/21 8:00 PM,35434,75.8
3/3/21 8:00 PM,35435,93.9
3/3/21 8:00 PM,35436,78.8
3/3/21 8:00 PM,35438,87.9
3/3/21 8:00 PM,35439,90.9
3/3/21 8:00 PM,35440,93.9
3/3/21 8:00 PM,35441,75.8
3/3/21 8:00 PM,35442,66.7
3/3/21 8:00 PM,35443,97
3/3/21 8:00 PM,35444,90.9
3/3/21 8:00 PM,35445,36.4
3/3/21 8:00 PM,35447,75.8
3/3/21 8:00 PM,35448,90.9
3/3/21 8:00 PM,35449,87.9
3/3/21 8:00 PM,35450,78.8
3/3/21 8:00 PM,35452,87.9
3/3/21 8:00 PM,35454,87.9
3/3/21 8:00 PM,35457,93.9
3/3/21 8:00 PM,35458,48.5
3/3/21 8:00 PM,35462,90.9
3/3/21 8:00 PM,35463,100
3/3/21 8:00 PM,35465,69.7
3/3/21 8:00 PM,35467,87.9
3/3/21 8:00 PM,35470,54.5
3/3/21 8:00 PM,35472,100
3/3/21 8:00 PM,35474,81.8
3/3/21 8:00 PM,35475,87.9
3/3/21 8:00 PM,35476,81.8
3/3/21 8:00 PM,35478,81.8
3/3/21 8:00 PM,35480,72.7
3/3/21 8:00 PM,35482,63.6
3/3/21 8:00 PM,35483,39.4
3/3/21 8:00 PM,35484,78.8
3/3/21 8:00 PM,35485,81.8
3/3/21 8:00 PM,35486,97
3/3/21 8:00 PM,35558,EX
3/3/21 8:00 PM,35559,66.7
3/3/21 8:00 PM,35562,48.5
3/3/21 8:00 PM,35563,75.8
3/3/21 8:00 PM,35564,100
3/3/21 8:00 PM,35565,69.7
3/3/21 8:00 PM,35566,81.8
3/3/21 8:00 PM,35567,100
3/3/21 8:00 PM,35568,100
3/3/21 8:00 PM,35569,90.9
3/3/21 8:00 PM,35570,100
3/3/21 8:00 PM,35572,84.8
3/3/21 8:00 PM,35573,84.8
3/3/21 8:00 PM,35574,69.7
3/3/21 8:00 PM,35575,39.4
3/3/21 8:00 PM,35576,90.9
3/3/21 8:00 PM,35577,81.8
3/3/21 8:00 PM,35578,97
3/3/21 8:00 PM,35579,97
3/3/21 8:00 PM,35581,78.8
3/3/21 8:00 PM,35582,39.4
3/3/21 8:00 PM,35583,97
3/3/21 8:00 PM,35584,81.8
3/3/21 8:00 PM,35585,0
3/3/21 8:00 PM,35587,93.9
3/3/21 8:00 PM,35588,51.5
3/3/21 8:00 PM,35589,84.8
3/3/21 8:00 PM,35590,78.8
3/3/21 8:00 PM,35591,NULL
3/3/21 8:00 PM,35592,97
3/3/21 8:00 PM,35593,66.7
3/3/21 8:00 PM,35594,54.5
3/3/21 8:00 PM,35595,87.9
3/3/21 8:00 PM,35596,100
3/3/21 8:00 PM,35597,78.8
3/3/21 8:00 PM,35598,90.9
3/3/21 8:00 PM,35599,87.9
3/3/21 8:00 PM,35600,97
3/3/21 8:00 PM,35601,97
3/3/21 8:00 PM,35603,93.9
3/3/21 8:00 PM,35604,100
3/3/21 8:00 PM,35605,81.8
3/3/21 8:00 PM,35606,87.9
3/3/21 8:00 PM,35607,97
3/3/21 8:00 PM,35608,84.8
3/3/21 8:00 PM,35609,78.8
3/3/21 8:00 PM,35610,39.4
3/3/21 8:00 PM,35611,90.9
3/3/21 8:00 PM,35612,97
3/3/21 8:00 PM,35613,97
3/3/21 8:00 PM,35614,90.9
3/3/21 8:00 PM,35616,90.9
3/3/21 8:00 PM,35617,93.9
3/3/21 8:00 PM,35619,42.4
3/3/21 8:00 PM,35620,97
3/3/21 8:00 PM,35621,78.8
3/3/21 8:00 PM,35622,100
3/3/21 8:00 PM,35623,72.7
3/3/21 8:00 PM,35624,90.9
3/3/21 8:00 PM,35625,84.8
3/3/21 8:00 PM,35626,93.9
3/3/21 8:00 PM,35627,66.7
3/3/21 8:00 PM,35628,78.8
3/3/21 8:00 PM,35630,97
3/3/21 8:00 PM,35631,75.8
3/3/21 8:00 PM,35632,93.9
3/3/21 8:00 PM,35633,60.6
3/3/21 8:00 PM,35635,97
3/3/21 8:00 PM,35638,93.9
3/3/21 8:00 PM,35639,93.9
3/3/21 8:00 PM,35641,90.9
3/3/21 8:00 PM,35642,54.5
3/3/21 8:00 PM,35643,66.7
3/3/21 8:00 PM,35644,97
3/3/21 8:00 PM,35646,84.8
3/3/21 8:00 PM,35647,97
3/3/21 8:00 PM,35648,100
3/3/21 8:00 PM,35649,66.7
3/3/21 8:00 PM,35650,57.6
3/3/21 8:00 PM,35653,72.7
3/3/21 8:00 PM,35654,60.6
3/3/21 8:00 PM,35655,100
3/3/21 8:00 PM,35656,51.5
3/3/21 8:00 PM,35657,75.8
3/3/21 8:00 PM,35658,84.8
3/3/21 8:00 PM,35659,75.8
3/3/21 8:00 PM,35660,78.8
3/3/21 8:00 PM,35661,78.8
3/3/21 8:00 PM,35663,87.9
3/3/21 8:00 PM,35664,81.8
3/3/21 8:00 PM,35665,75.8
3/3/21 8:00 PM,35666,97
3/3/21 8:00 PM,35667,84.8
3/3/21 8:00 PM,35670,39.4
3/3/21 8:00 PM,35671,60.6
3/3/21 8:00 PM,35674,93.9
3/3/21 8:00 PM,35675,66.7
3/3/21 8:00 PM,35676,84.8
3/3/21 8:00 PM,35677,84.8
3/3/21 8:00 PM,35678,78.8
3/3/21 8:00 PM,35679,84.8
3/3/21 8:00 PM,35680,45.5
3/3/21 8:00 PM,35681,90.9
3/3/21 8:00 PM,35682,78.8
3/3/21 8:00 PM,35684,57.6
3/3/21 8:00 PM,35686,93.9
3/3/21 8:00 PM,35687,97
3/3/21 8:00 PM,35689,93.9
3/3/21 8:00 PM,35690,78.8
3/3/21 8:00 PM,35691,90.9
3/3/21 8:00 PM,35692,81.8
3/3/21 8:00 PM,35695,72.7
3/3/21 8:00 PM,35696,87.9
3/3/21 8:00 PM,35697,72.7
3/3/21 8:00 PM,35698,84.8
3/3/21 8:00 PM,35700,72.7
3/3/21 8:00 PM,35704,69.7
3/3/21 8:00 PM,35705,75.8
3/3/21 8:00 PM,35706,78.8
3/3/21 8:00 PM,35707,72.7
3/3/21 8:00 PM,35709,87.9
3/3/21 8:00 PM,35710,42.4
3/3/21 8:00 PM,35712,100
3/3/21 8:00 PM,35713,81.8
3/3/21 8:00 PM,35714,97
3/3/21 8:00 PM,35715,90.9
3/3/21 8:00 PM,35716,97
3/3/21 8:00 PM,35718,97
3/3/21 8:00 PM,35719,93.9
3/3/21 8:00 PM,35721,90.9
3/3/21 8:00 PM,35723,75.8
3/3/21 8:00 PM,35724,97
3/3/21 8:00 PM,35725,72.7
3/3/21 8:00 PM,35726,57.6
3/3/21 8:00 PM,35727,84.8
3/3/21 8:00 PM,35729,100
3/3/21 8:00 PM,35732,87.9
3/3/21 8:00 PM,35733,90.9
3/3/21 8:00 PM,35734,87.9
3/3/21 8:00 PM,35735,87.9
3/3/21 8:00 PM,35737,84.8
3/3/21 8:00 PM,35738,72.7
3/3/21 8:00 PM,35739,97
3/3/21 8:00 PM,35740,93.9
3/3/21 8:00 PM,35743,90.9
3/3/21 8:00 PM,35747,100
3/3/21 8:00 PM,35748,97
3/3/21 8:00 PM,35749,84.8
3/3/21 8:00 PM,35750,57.6
3/3/21 8:00 PM,35752,48.5
3/3/21 8:00 PM,35753,72.7
3/3/21 8:00 PM,35754,54.5
3/3/21 8:00 PM,35755,75.8
3/3/21 8:00 PM,35756,90.9
3/3/21 8:00 PM,35757,75.8
3/3/21 8:00 PM,35758,90.9
3/3/21 8:00 PM,35759,54.5
3/3/21 8:00 PM,35760,81.8
3/3/21 8:00 PM,35761,84.8
3/3/21 8:00 PM,35762,60.6
3/3/21 8:00 PM,35764,72.7
3/3/21 8:00 PM,35765,84.8
3/3/21 8:00 PM,35766,97
3/3/21 8:00 PM,35767,75.8
3/3/21 8:00 PM,35768,97
3/3/21 8:00 PM,35769,72.7
3/3/21 8:00 PM,35771,57.6
3/3/21 8:00 PM,35772,66.7
3/3/21 8:00 PM,35773,81.8
3/3/21 8:00 PM,35774,97
3/3/21 8:00 PM,35775,84.8
3/3/21 8:00 PM,35776,75.8
3/3/21 8:00 PM,35777,87.9
3/3/21 8:00 PM,35778,42.4
3/3/21 8:00 PM,35780,48.5
3/3/21 8:00 PM,35781,EX
3/3/21 8:00 PM,35782,69.7
3/3/21 8:00 PM,35783,54.5
3/3/21 8:00 PM,35784,87.9
3/3/21 8:00 PM,35786,97
3/3/21 8:00 PM,35787,93.9
3/3/21 8:00 PM,35788,66.7
3/3/21 8:00 PM,35789,66.7
3/3/21 8:00 PM,35790,97
3/3/21 8:00 PM,35792,75.8
3/3/21 8:00 PM,35793,39.4
3/3/21 8:00 PM,35794,78.8
3/3/21 8:00 PM,35796,87.9
3/3/21 8:00 PM,35797,100
3/3/21 8:00 PM,35798,63.6
3/3/21 8:00 PM,35799,33.3
3/3/21 8:00 PM,35802,90.9
3/3/21 8:00 PM,35803,93.9
3/3/21 8:00 PM,35804,87.9
3/3/21 8:00 PM,35806,66.7
3/3/21 8:00 PM,35807,84.8
3/3/21 8:00 PM,35808,75.8
3/3/21 8:00 PM,35809,84.8
3/3/21 8:00 PM,35810,72.7
3/3/21 8:00 PM,35812,97
3/3/21 8:00 PM,35813,93.9
3/3/21 8:00 PM,35814,81.8
3/3/21 8:00 PM,35816,87.9
3/3/21 8:00 PM,35818,81.8
3/3/21 8:00 PM,35820,90.9
3/3/21 8:00 PM,35821,66.7
3/3/21 8:00 PM,35822,57.6
3/3/21 8:00 PM,35824,90.9
3/3/21 8:00 PM,35825,75.8
3/3/21 8:00 PM,35826,97
3/3/21 8:00 PM,35827,93.9
3/3/21 8:00 PM,35829,87.9
3/3/21 8:00 PM,35830,75.8
3/3/21 8:00 PM,35831,72.7
3/3/21 8:00 PM,35834,84.8
3/3/21 8:00 PM,35835,84.8
3/3/21 8:00 PM,35837,75.8
3/3/21 8:00 PM,35838,81.8
3/3/21 8:00 PM,35839,60.6
3/3/21 8:00 PM,35841,100
3/3/21 8:00 PM,35842,97
3/3/21 8:00 PM,35843,81.8
3/3/21 8:00 PM,35844,75.8
3/3/21 8:00 PM,35845,97
3/3/21 8:00 PM,35846,51.5
3/3/21 8:00 PM,35847,69.7
3/3/21 8:00 PM,35849,87.9
3/3/21 8:00 PM,35850,97
3/3/21 8:00 PM,35852,84.8
3/3/21 8:00 PM,35853,90.9
3/3/21 8:00 PM,35854,93.9
3/3/21 8:00 PM,35855,93.9
3/3/21 8:00 PM,35856,75.8
3/3/21 8:00 PM,35858,81.8
3/3/21 8:00 PM,35859,97
3/3/21 8:00 PM,35861,93.9
3/3/21 8:00 PM,35862,78.8
3/3/21 8:00 PM,35864,0
3/3/21 8:00 PM,35865,81.8
3/3/21 8:00 PM,35866,78.8
3/3/21 8:00 PM,35868,97
3/3/21 8:00 PM,35869,90.9
3/3/21 8:00 PM,35870,42.4
3/3/21 8:00 PM,35871,84.8
3/3/21 8:00 PM,35873,87.9
3/3/21 8:00 PM,35874,78.8
3/3/21 8:00 PM,35875,93.9
3/3/21 8:00 PM,35876,39.4
3/3/21 8:00 PM,35878,75.8
3/3/21 8:00 PM,35879,87.9
3/3/21 8:00 PM,35880,51.5
3/3/21 8:00 PM,35881,75.8
3/3/21 8:00 PM,35884,81.8
3/3/21 8:00 PM,35885,93.9
3/3/21 8:00 PM,35887,84.8
3/3/21 8:00 PM,35888,84.8
3/3/21 8:00 PM,35889,90.9
3/3/21 8:00 PM,35891,69.7
3/3/21 8:00 PM,35892,69.7
3/3/21 8:00 PM,35893,97
3/3/21 8:00 PM,35894,90.9
3/3/21 8:00 PM,35896,87.9
3/3/21 8:00 PM,35897,81.8
3/3/21 8:00 PM,35898,100
3/3/21 8:00 PM,35900,100
3/3/21 8:00 PM,35901,60.6
3/3/21 8:00 PM,35902,78.8
3/3/21 8:00 PM,35904,100
3/3/21 8:00 PM,35905,69.7
3/3/21 8:00 PM,35906,81.8
3/3/21 8:00 PM,35908,97
3/3/21 8:00 PM,35909,81.8
3/3/21 8:00 PM,35911,90.9
3/3/21 8:00 PM,35912,63.6
3/3/21 8:00 PM,35914,60.6
3/3/21 8:00 PM,35917,97
3/3/21 8:00 PM,35918,60.6
3/3/21 8:00 PM,35919,84.8
3/3/21 8:00 PM,35920,66.7
3/3/21 8:00 PM,35922,84.8
3/3/21 8:00 PM,35923,87.9
3/3/21 8:00 PM,35924,69.7
3/3/21 8:00 PM,35925,93.9
3/3/21 8:00 PM,35927,42.4
3/3/21 8:00 PM,35929,97
3/3/21 8:00 PM,35930,84.8
3/3/21 8:00 PM,35931,78.8
3/3/21 8:00 PM,35932,84.8
3/3/21 8:00 PM,35933,81.8
3/3/21 8:00 PM,35934,87.9
3/3/21 8:00 PM,35936,66.7
3/3/21 8:00 PM,35939,87.9
3/3/21 8:00 PM,35940,100
3/3/21 8:00 PM,35942,54.5
3/3/21 8:00 PM,35943,97
3/3/21 8:00 PM,35944,72.7
3/3/21 8:00 PM,35945,84.8
3/3/21 8:00 PM,35947,93.9
3/3/21 8:00 PM,35948,100
3/3/21 8:00 PM,35951,84.8
3/3/21 8:00 PM,35952,72.7
3/3/21 8:00 PM,35953,75.8
3/3/21 8:00 PM,35954,60.6
3/3/21 8:00 PM,35955,97
3/3/21 8:00 PM,35956,0
3/3/21 8:00 PM,35957,97
3/3/21 8:00 PM,35958,100
3/3/21 8:00 PM,35961,63.6
3/3/21 8:00 PM,35962,90.9
3/3/21 8:00 PM,35963,93.9
3/3/21 8:00 PM,35964,69.7
3/3/21 8:00 PM,35965,97
3/3/21 8:00 PM,35966,75.8
3/3/21 8:00 PM,35968,75.8
3/3/21 8:00 PM,35969,100
3/3/21 8:00 PM,35970,100
3/3/21 8:00 PM,35973,90.9
3/3/21 8:00 PM,35974,90.9
3/3/21 8:00 PM,35975,57.6
3/3/21 8:00 PM,35976,97
3/3/21 8:00 PM,35977,100
3/3/21 8:00 PM,35978,87.9
3/3/21 8:00 PM,35979,75.8
3/3/21 8:00 PM,35980,78.8
3/3/21 8:00 PM,35981,93.9
3/3/21 8:00 PM,35982,87.9
3/3/21 8:00 PM,35983,87.9
3/3/21 8:00 PM,35984,0
3/3/21 8:00 PM,35985,81.8
3/3/21 8:00 PM,35986,84.8
3/3/21 8:00 PM,35987,87.9
3/3/21 8:00 PM,35988,75.8
3/3/21 8:00 PM,35989,78.8
3/3/21 8:00 PM,35990,81.8
3/3/21 8:00 PM,35992,81.8
3/3/21 8:00 PM,35994,87.9
3/3/21 8:00 PM,35995,97
3/3/21 8:00 PM,35996,NULL
3/3/21 8:00 PM,35997,81.8
3/3/21 8:00 PM,35998,57.6
3/3/21 8:00 PM,35999,72.7
3/3/21 8:00 PM,36000,87.9
3/3/21 8:00 PM,36001,66.7
3/3/21 8:00 PM,36002,87.9
3/3/21 8:00 PM,36003,97
3/3/21 8:00 PM,36004,97
3/3/21 8:00 PM,36005,72.7
3/3/21 8:00 PM,36006,90.9
3/3/21 8:00 PM,36007,63.6
3/3/21 8:00 PM,36008,81.8
3/3/21 8:00 PM,36009,93.9
3/3/21 8:00 PM,36010,93.9
3/3/21 8:00 PM,36011,97
3/3/21 8:00 PM,36012,78.8
3/3/21 8:00 PM,36013,100
3/3/21 8:00 PM,36014,72.7
3/3/21 8:00 PM,36015,81.8
3/3/21 8:00 PM,36017,87.9
3/3/21 8:00 PM,36018,81.8
3/3/21 8:00 PM,36019,81.8
3/3/21 8:00 PM,36020,57.6
3/3/21 8:00 PM,36021,81.8
3/3/21 8:00 PM,36022,93.9
3/3/21 8:00 PM,36023,75.8
3/3/21 8:00 PM,36024,39.4
3/3/21 8:00 PM,36025,78.8
3/3/21 8:00 PM,36026,42.4
3/3/21 8:00 PM,36027,84.8
3/3/21 8:00 PM,36028,60.6
3/3/21 8:00 PM,36029,66.7
3/3/21 8:00 PM,36030,45.5
3/3/21 8:00 PM,36032,75.8
3/3/21 8:00 PM,36033,90.9
3/3/21 8:00 PM,36034,63.6
3/3/21 8:00 PM,36035,NULL
3/3/21 8:00 PM,36036,87.9
3/3/21 8:00 PM,36038,97
3/3/21 8:00 PM,36039,100
3/3/21 8:00 PM,36040,72.7
3/3/21 8:00 PM,36041,72.7
3/3/21 8:00 PM,36042,78.8
3/3/21 8:00 PM,36043,72.7
3/3/21 8:00 PM,36044,93.9
3/3/21 8:00 PM,36045,81.8
3/3/21 8:00 PM,36046,87.9
3/3/21 8:00 PM,36047,0
3/3/21 8:00 PM,36049,45.5
3/3/21 8:00 PM,36051,63.6
3/3/21 8:00 PM,36052,84.8
3/3/21 8:00 PM,36053,36.4
3/3/21 8:00 PM,36054,97
3/3/21 8:00 PM,36055,72.7
3/3/21 8:00 PM,36056,90.9
3/3/21 8:00 PM,36058,87.9
3/3/21 8:00 PM,36059,97
3/3/21 8:00 PM,36060,100
3/3/21 8:00 PM,36061,NULL
3/3/21 8:00 PM,36062,81.8
3/3/21 8:00 PM,36063,75.8
3/3/21 8:00 PM,36064,72.7
3/3/21 8:00 PM,36065,87.9
3/3/21 8:00 PM,36066,78.8
3/3/21 8:00 PM,36067,78.8
3/3/21 8:00 PM,36068,42.4
3/3/21 8:00 PM,36069,75.8
3/3/21 8:00 PM,36070,48.5
3/3/21 8:00 PM,36071,84.8
3/3/21 8:00 PM,36072,97
3/3/21 8:00 PM,36073,100
3/3/21 8:00 PM,36074,57.6
3/3/21 8:00 PM,36075,72.7
3/3/21 8:00 PM,36076,78.8
3/3/21 8:00 PM,36077,97
3/3/21 8:00 PM,36078,93.9
3/3/21 8:00 PM,36079,90.9
3/3/21 8:00 PM,36080,100
3/3/21 8:00 PM,36082,100
3/3/21 8:00 PM,36083,100
3/3/21 8:00 PM,36084,75.8
3/3/21 8:00 PM,36085,93.9
3/3/21 8:00 PM,36086,66.7
3/3/21 8:00 PM,36088,81.8
3/3/21 8:00 PM,36089,100
3/3/21 8:00 PM,36090,90.9
3/3/21 8:00 PM,36091,93.9
3/3/21 8:00 PM,36092,87.9
3/3/21 8:00 PM,36093,100
3/3/21 8:00 PM,36097,45.5
3/3/21 8:00 PM,36098,75.8
3/3/21 8:00 PM,36099,60.6
3/3/21 8:00 PM,36100,81.8
3/3/21 8:00 PM,36101,97
3/3/21 8:00 PM,36102,69.7
3/3/21 8:00 PM,36103,33.3
3/3/21 8:00 PM,36104,78.8
3/3/21 8:00 PM,36106,69.7
3/3/21 8:00 PM,36108,87.9
3/3/21 8:00 PM,36109,93.9
3/3/21 8:00 PM,36110,51.5
3/3/21 8:00 PM,36111,78.8
3/3/21 8:00 PM,36112,39.4
3/3/21 8:00 PM,36113,51.5
3/3/21 8:00 PM,36114,81.8
3/3/21 8:00 PM,36115,87.9
3/3/21 8:00 PM,36116,72.7
3/3/21 8:00 PM,36117,78.8
3/3/21 8:00 PM,36118,72.7
3/3/21 8:00 PM,36119,48.5
3/3/21 8:00 PM,36120,100
3/3/21 8:00 PM,36122,66.7
3/3/21 8:00 PM,36123,63.6
3/3/21 8:00 PM,36124,63.6
3/3/21 8:00 PM,36126,60.6
3/3/21 8:00 PM,36127,75.8
3/3/21 8:00 PM,36128,100
3/3/21 8:00 PM,36129,97
3/3/21 8:00 PM,36132,87.9
3/3/21 8:00 PM,36133,97
3/3/21 8:00 PM,36134,81.8
3/3/21 8:00 PM,36135,39.4
3/3/21 8:00 PM,36136,93.9
3/3/21 8:00 PM,36137,87.9
3/3/21 8:00 PM,36138,97
3/3/21 8:00 PM,36139,81.8
3/3/21 8:00 PM,36140,90.9
3/3/21 8:00 PM,36141,84.8
3/3/21 8:00 PM,36142,84.8
3/3/21 8:00 PM,36143,78.8
3/3/21 8:00 PM,36144,75.8
3/3/21 8:00 PM,36145,45.5
3/3/21 8:00 PM,36147,69.7
3/3/21 8:00 PM,36148,78.8
3/3/21 8:00 PM,36149,84.8
3/3/21 8:00 PM,36150,84.8
3/3/21 8:00 PM,36151,81.8
3/3/21 8:00 PM,36152,93.9
3/3/21 8:00 PM,36153,78.8
3/3/21 8:00 PM,36154,78.8
3/3/21 8:00 PM,36156,75.8
3/3/21 8:00 PM,36157,66.7
3/3/21 8:00 PM,36158,0
3/3/21 8:00 PM,36160,66.7
3/3/21 8:00 PM,36161,87.9
3/3/21 8:00 PM,36163,87.9
3/3/21 8:00 PM,36165,90.9
3/3/21 8:00 PM,36166,90.9
3/3/21 8:00 PM,36167,60.6
3/3/21 8:00 PM,36168,42.4
3/3/21 8:00 PM,36169,87.9
3/3/21 8:00 PM,36170,93.9
3/3/21 8:00 PM,36172,97
3/3/21 8:00 PM,36174,63.6
3/3/21 8:00 PM,36178,100
3/3/21 8:00 PM,36179,57.6
3/3/21 8:00 PM,36181,63.6
3/3/21 8:00 PM,36182,78.8
3/3/21 8:00 PM,36183,97
3/3/21 8:00 PM,36184,78.8
3/3/21 8:00 PM,36185,18.2
3/3/21 8:00 PM,36186,72.7
3/3/21 8:00 PM,36187,87.9
3/3/21 8:00 PM,36188,66.7
3/3/21 8:00 PM,36189,63.6
3/3/21 8:00 PM,36190,66.7
3/3/21 8:00 PM,36191,90.9
3/3/21 8:00 PM,36193,63.6
3/3/21 8:00 PM,36194,42.4
3/3/21 8:00 PM,36195,63.6
3/3/21 8:00 PM,36196,97
3/3/21 8:00 PM,36197,63.6
3/3/21 8:00 PM,36198,60.6
3/3/21 8:00 PM,36199,97
3/3/21 8:00 PM,36200,81.8
3/3/21 8:00 PM,36202,81.8
3/3/21 8:00 PM,36203,60.6
3/3/21 8:00 PM,36204,72.7
3/3/21 8:00 PM,36205,87.9
3/3/21 8:00 PM,36207,72.7
3/3/21 8:00 PM,36208,90.9
3/3/21 8:00 PM,36210,45.5
3/3/21 8:00 PM,36211,57.6
3/3/21 8:00 PM,36212,81.8
3/3/21 8:00 PM,36213,75.8
3/3/21 8:00 PM,36214,60.6
3/3/21 8:00 PM,36215,75.8
3/3/21 8:00 PM,36216,39.4
3/3/21 8:00 PM,36217,87.9
3/3/21 8:00 PM,36218,97
3/3/21 8:00 PM,36219,84.8
3/3/21 8:00 PM,36220,93.9
3/3/21 8:00 PM,36221,72.7
3/3/21 8:00 PM,36222,93.9
3/3/21 8:00 PM,36223,57.6
3/3/21 8:00 PM,36224,97
3/3/21 8:00 PM,36225,78.8
3/3/21 8:00 PM,36226,63.6
3/3/21 8:00 PM,36227,75.8
3/3/21 8:00 PM,36228,84.8
3/3/21 8:00 PM,36229,84.8
3/3/21 8:00 PM,36230,39.4
3/3/21 8:00 PM,36231,93.9
3/3/21 8:00 PM,36232,66.7
3/3/21 8:00 PM,36233,84.8
3/3/21 8:00 PM,36234,97
3/3/21 8:00 PM,36236,93.9
3/3/21 8:00 PM,36237,39.4
3/3/21 8:00 PM,36238,87.9
3/3/21 8:00 PM,36239,33.3
3/3/21 8:00 PM,36240,75.8
3/3/21 8:00 PM,36241,100
3/3/21 8:00 PM,36242,81.8
3/3/21 8:00 PM,36243,100
3/3/21 8:00 PM,36244,75.8
3/3/21 8:00 PM,36247,87.9
3/3/21 8:00 PM,36248,84.8
3/3/21 8:00 PM,36249,63.6
3/3/21 8:00 PM,36251,81.8
3/3/21 8:00 PM,36252,72.7
3/3/21 8:00 PM,36253,81.8
3/3/21 8:00 PM,36254,84.8
3/3/21 8:00 PM,36255,90.9
3/3/21 8:00 PM,36256,90.9
3/3/21 8:00 PM,36257,42.4
3/3/21 8:00 PM,36258,84.8
3/3/21 8:00 PM,36259,57.6
3/3/21 8:00 PM,36261,93.9
3/3/21 8:00 PM,36262,100
3/3/21 8:00 PM,36263,97
3/3/21 8:00 PM,36264,90.9
3/3/21 8:00 PM,36265,84.8
3/3/21 8:00 PM,36266,63.6
3/3/21 8:00 PM,36267,69.7
3/3/21 8:00 PM,36268,93.9
3/3/21 8:00 PM,36269,57.6
3/3/21 8:00 PM,36270,63.6
3/3/21 8:00 PM,36271,81.8
3/3/21 8:00 PM,36272,75.8
3/3/21 8:00 PM,36274,78.8
3/3/21 8:00 PM,36275,87.9
3/3/21 8:00 PM,36276,60.6
3/3/21 8:00 PM,36278,69.7
3/3/21 8:00 PM,36279,63.6
3/3/21 8:00 PM,36280,0
3/3/21 8:00 PM,36281,75.8
3/3/21 8:00 PM,36283,93.9
3/3/21 8:00 PM,36284,87.9
3/3/21 8:00 PM,36285,81.8
3/3/21 8:00 PM,36286,93.9
3/3/21 8:00 PM,36287,97
3/3/21 8:00 PM,36288,75.8
3/3/21 8:00 PM,36289,66.7
3/3/21 8:00 PM,36290,81.8
3/3/21 8:00 PM,36291,87.9
3/3/21 8:00 PM,36292,100
3/3/21 8:00 PM,36295,87.9
3/3/21 8:00 PM,36297,75.8
3/3/21 8:00 PM,36298,69.7
3/3/21 8:00 PM,36299,NULL
3/3/21 8:00 PM,36300,NULL
3/3/21 8:00 PM,36301,NULL
3/3/21 8:00 PM,36322,54.5
3/3/21 8:00 PM,36323,100
3/3/21 8:00 PM,36324,93.9
3/3/21 8:00 PM,36325,87.9
3/3/21 8:00 PM,36326,66.7
3/3/21 8:00 PM,36330,66.7
3/3/21 8:00 PM,36337,66.7
3/3/21 8:00 PM,36338,87.9
3/3/21 8:00 PM,36339,100
3/3/21 8:00 PM,36340,87.9
3/3/21 8:00 PM,36342,51.5
3/3/21 8:00 PM,36343,66.7
3/3/21 8:00 PM,36344,78.8
3/3/21 8:00 PM,36348,57.6
3/3/21 8:00 PM,36382,87.9
3/3/21 8:00 PM,36384,93.9
3/3/21 8:00 PM,36386,93.9
3/3/21 8:00 PM,36388,81.8
3/3/21 8:00 PM,36396,84.8
3/3/21 8:00 PM,36397,EX
3/3/21 8:00 PM,36398,87.9
3/3/21 8:00 PM,36401,90.9
3/3/21 8:00 PM,36402,63.6
3/3/21 8:00 PM,36404,69.7
3/3/21 8:00 PM,36405,100
3/3/21 8:00 PM,36406,84.8
3/3/21 8:00 PM,36408,84.8
3/3/21 8:00 PM,36409,NULL
3/3/21 8:00 PM,36414,87.9
3/3/21 8:00 PM,36415,97