Profile ID,Exam Score,Prediction (first submitted answer),Prediction (last submitted answer),Number of Practice Exams Survey Answer,Delayed Feedback Format?,Number of Practice Questions Done,Number of Practice Questions Done Before Survey,Time of 20th submission (hours before exam)
35236,77.1,100.0,100.0,NULL,1,22,0,-0.15
36384,88.6,90.0,90.0,2,0,94,0,-4.266666666666667
35234,91.4,75.0,65.0,2,1,46,0,-4.483333333333333
35235,94.3,100.0,100.0,4,1,88,0,-6.8
35232,77.1,50.0,50.0,0,NULL,0.0,0.0,NULL
35233,42.9,60.0,60.0,0,NULL,0.0,0.0,NULL
35231,60,100.0,100.0,2,NULL,0.0,0.0,NULL
36340,94.3,100.0,100.0,4,1,24,0,-26.466666666666665
33736,57.1,84.0,84.0,1,NULL,0.0,0.0,NULL
33731,80,90.0,90.0,0,NULL,0.0,0.0,NULL
26474,31.4,NULL,NULL,NULL,NULL,0.0,0.0,NULL
34717,88.6,80.0,80.0,3,1,94,30,-99.45
35784,91.4,85.0,85.0,0,1,46,0,-1.6833333333333333
34715,54.3,70.0,70.0,0,0,16,0,NULL
35782,74.3,80.0,80.0,1,0,0,0,NULL
35783,51.4,100.0,100.0,2,0,94,0,-22.783333333333335
34710,82.9,85.0,85.0,0,NULL,0.0,0.0,NULL
35781,51.4,100.0,100.0,2,0,30,0,-3.05
35621,62.9,65.0,65.0,2,NULL,0.0,0.0,NULL
35620,100,91.0,91.0,2,NULL,0.0,0.0,NULL
35623,80,90.0,90.0,2,0,3,0,NULL
35622,88.6,85.0,85.0,3,1,28,0,-3.2333333333333334
35625,62.9,85.0,85.0,4,1,61,16,-20.516666666666666
35624,88.6,94.0,90.0,4,0,53,0,-18.516666666666666
35627,51.4,NULL,NULL,NULL,0,55,0,-4.65
34719,74.3,80.0,80.0,4,0,69,0,-5.933333333333334
36092,71.4,100.0,100.0,4,1,54,37,-51.46666666666667
36066,68.6,100.0,100.0,1,0,67,0,-18.016666666666666
36067,88.6,100.0,100.0,4,0,94,94,-142.58333333333334
36064,77.1,80.0,80.0,0,0,49,0,-9.35
36065,71.4,100.0,100.0,0,1,24,0,-4.55
36062,97.1,100.0,100.0,1,NULL,0.0,0.0,NULL
35678,60,70.0,70.0,3,0,31,14,-3.0
36060,88.6,100.0,100.0,0,1,94,0,-20.133333333333333
36101,74.3,100.0,100.0,0,1,56,0,-8.816666666666666
36100,80,NULL,NULL,NULL,NULL,0.0,0.0,NULL
36103,25.7,80.0,80.0,1,1,8,0,NULL
35679,74.3,100.0,100.0,2,0,31,8,-5.983333333333333
36105,68.6,100.0,100.0,0,1,44,0,-46.25
36104,68.6,100.0,100.0,0,NULL,0.0,0.0,NULL
36068,48.6,60.0,60.0,2,1,24,0,-1.75
36069,54.3,100.0,90.0,0,0,27,0,-23.433333333333334
30190,65.7,100.0,100.0,1,0,22,0,-3.1166666666666667
30197,57.1,40.0,40.0,4,0,94,0,-49.03333333333333
35978,57.1,80.0,80.0,1,NULL,0.0,0.0,NULL
33553,88.6,95.0,100.0,1,0,70,24,-50.85
35136,54.3,70.0,70.0,1,1,32,0,-4.1
36282,40,70.0,70.0,3,0,40,0,-126.21666666666667
35639,85.7,100.0,100.0,4,0,24,0,-3.1333333333333333
35438,77.1,92.0,92.0,1,1,94,24,-170.48333333333332
35439,48.6,100.0,80.0,1,1,48,24,-27.833333333333332
35434,51.4,85.0,100.0,4,0,92,0,-44.03333333333333
35435,85.7,70.0,80.0,4,0,94,0,-23.25
35436,60,80.0,90.0,4,0,94,94,-145.68333333333334
35437,68.6,90.0,90.0,3,1,60,48,-67.25
35430,74.3,95.0,95.0,4,0,94,46,-125.48333333333333
35431,60,100.0,100.0,3,0,70,24,-48.416666666666664
35432,94.3,95.0,95.0,3,1,94,70,-179.85
35433,97.1,100.0,100.0,4,0,94,66,-73.03333333333333
35629,71.4,NULL,NULL,NULL,1,0,0,NULL
35628,74.3,80.0,80.0,3,1,31,0,-26.0
29457,28.6,NULL,NULL,NULL,1,13,0,NULL
36237,37.1,100.0,100.0,1,0,25,0,-1.8666666666666667
35649,71.4,70.0,70.0,4,0,94,3,-177.51666666666668
36025,82.9,100.0,100.0,4,0,9,0,NULL
33636,94.3,90.0,90.0,3,0,94,24,-54.56666666666667
33637,45.7,NULL,NULL,NULL,NULL,0.0,0.0,NULL
33631,65.7,80.0,80.0,3,0,94,69,-115.96666666666667
33632,48.6,75.0,75.0,3,1,94,41,-53.4
36293,94.3,95.0,95.0,0,1,0,0,NULL
36285,77.1,100.0,100.0,0,NULL,0.0,0.0,NULL
33639,45.7,NULL,NULL,NULL,NULL,0.0,0.0,NULL
35269,62.9,100.0,100.0,3,1,30,0,-1.0666666666666667
34439,48.6,50.0,50.0,1,0,53,24,-71.25
35780,42.9,70.0,70.0,3,0,94,0,3.8333333333333335
36251,80,70.0,70.0,0,1,12,0,NULL
36236,80,100.0,100.0,4,1,94,48,-52.05
36348,71.4,85.0,85.0,2,NULL,0.0,0.0,NULL
35612,94.3,95.0,95.0,3,0,94,0,-8.1
36202,85.7,100.0,100.0,2,1,30,30,-47.416666666666664
36200,80,75.0,75.0,1,0,46,14,-26.433333333333334
35613,85.7,90.0,90.0,0,NULL,0.0,0.0,NULL
36206,94.3,99.0,99.0,4,0,94,0,-107.08333333333333
36207,65.7,85.0,85.0,1,0,87,0,-6.316666666666666
35999,57.1,80.0,80.0,1,0,33,0,-21.783333333333335
35998,57.1,100.0,80.0,1,0,22,0,-4.3
35997,82.9,NULL,NULL,NULL,0,30,0,-5.633333333333334
35995,68.6,85.0,85.0,2,0,19,0,NULL
35994,68.6,90.0,100.0,4,0,94,0,-66.6
35993,54.3,75.0,75.0,0,NULL,0.0,0.0,NULL
35992,74.3,100.0,100.0,1,0,27,0,-5.466666666666667
35990,48.6,80.0,80.0,1,NULL,0.0,0.0,NULL
36156,77.1,90.0,90.0,0,1,78,0,-6.516666666666667
36157,68.6,NULL,NULL,NULL,0,28,0,-4.566666666666666
36268,88.6,80.0,80.0,4,0,70,24,-50.516666666666666
36154,77.1,100.0,100.0,2,0,25,0,-5.766666666666667
36342,71.4,67.0,67.0,3,0,62,59,-31.983333333333334
35593,45.7,NULL,NULL,NULL,NULL,0.0,0.0,NULL
34981,60,50.0,65.0,3,1,94,54,-95.25
35788,60,100.0,75.0,3,1,94,0,-16.983333333333334
35619,60,100.0,70.0,2,1,38,24,-65.26666666666667
36152,94.3,95.0,95.0,2,0,46,46,-98.03333333333333
35626,97.1,100.0,100.0,4,0,94,94,-143.11666666666667
34322,88.6,85.0,85.0,1,1,12,0,NULL
36153,82.9,70.0,70.0,0,1,94,0,-6.733333333333333
34507,85.7,85.0,85.0,0,1,70,0,-46.35
34506,37.1,70.0,70.0,3,0,21,0,-1.8666666666666667
35195,100,100.0,100.0,4,1,94,72,-166.7
34504,54.3,100.0,70.0,1,0,14,0,NULL
34503,77.1,NULL,NULL,NULL,1,14,0,NULL
34502,40,75.0,75.0,3,1,94,0,-120.75
36151,82.9,100.0,100.0,0,NULL,0.0,0.0,NULL
35053,91.4,100.0,100.0,4,1,94,0,-3.1666666666666665
34509,80,100.0,100.0,2,1,81,0,-6.65
34508,62.9,80.0,80.0,2,NULL,0.0,0.0,NULL
35595,60,100.0,100.0,1,0,24,0,-3.2333333333333334
34458,62.9,100.0,80.0,1,0,24,0,-2.2666666666666666
35900,100,90.0,90.0,1,1,50,24,-44.483333333333334
35901,60,NULL,NULL,0,0,0,0,NULL
35902,74.3,100.0,100.0,2,0,27,0,-0.6833333333333333
35904,91.4,90.0,90.0,2,1,70,46,-52.63333333333333
35905,34.3,100.0,80.0,2,0,3,0,NULL
35906,77.1,90.0,80.0,3,1,46,24,-53.15
35989,68.6,100.0,100.0,3,1,72,60,-77.78333333333333
36055,42.9,90.0,90.0,3,0,11,0,NULL
35909,34.3,60.0,60.0,4,0,91,0,-29.683333333333334
36335,60,99.0,100.0,4,1,83,0,-20.25
36339,100,100.0,100.0,0,0,67,0,-6.283333333333333
36330,60,70.0,70.0,1,1,46,19,-22.683333333333334
34189,42.9,100.0,70.0,1,NULL,0.0,0.0,NULL
34026,48.6,100.0,100.0,1,NULL,0.0,0.0,NULL
34181,88.6,90.0,90.0,0,1,24,0,-6.95
36063,51.4,75.0,75.0,4,1,74,59,-69.76666666666667
35966,77.1,80.0,80.0,3,0,48,0,-3.183333333333333
34669,54.3,85.0,85.0,2,0,72,24,-76.31666666666666
35270,51.4,100.0,100.0,4,1,94,0,-71.91666666666667
35271,82.9,80.0,80.0,2,0,15,0,NULL
35277,82.9,100.0,100.0,3,1,94,70,-74.26666666666667
35275,80,85.0,85.0,0,0,94,0,-125.2
34612,34.3,70.0,70.0,1,0,2,0,NULL
34611,71.4,80.0,80.0,1,1,24,24,-53.9
34610,54.3,80.0,70.0,2,0,5,4,NULL
34617,71.4,85.0,85.0,1,1,0,0,NULL
34616,57.1,100.0,100.0,1,0,0,0,NULL
34614,85.7,90.0,90.0,0,NULL,0.0,0.0,NULL
34618,60,100.0,82.0,1,0,0,0,NULL
36235,77.1,90.0,100.0,4,1,94,46,-44.86666666666667
36231,97.1,100.0,100.0,0,1,32,0,-1.0166666666666666
36109,91.4,100.0,100.0,0,NULL,0.0,0.0,NULL
36234,91.4,100.0,100.0,4,1,70,0,-6.116666666666666
36108,85.7,100.0,80.0,0,1,22,0,1137.8166666666666
33079,94.3,100.0,100.0,4,1,36,0,-1.3833333333333333
36185,20,NULL,NULL,NULL,NULL,0.0,0.0,NULL
36232,77.1,90.0,90.0,NULL,0,25,0,-22.8
35698,80,92.0,92.0,1,NULL,0.0,0.0,NULL
35974,100,100.0,100.0,4,0,0,0,NULL
35753,45.7,100.0,90.0,2,1,16,0,NULL
35752,45.7,70.0,67.0,3,0,55,43,-49.78333333333333
35971,57.1,100.0,100.0,1,NULL,0.0,0.0,NULL
35754,40,80.0,80.0,3,0,70,24,-23.066666666666666
35757,74.3,85.0,85.0,3,1,24,0,-7.8
35972,74.3,90.0,90.0,0,1,19,0,NULL
35690,57.1,85.0,85.0,0,1,94,0,-104.51666666666667
35691,88.6,100.0,100.0,2,0,46,0,-4.233333333333333
35692,62.9,70.0,70.0,2,1,94,0,-23.433333333333334
35693,48.6,100.0,100.0,4,0,29,0,-4.983333333333333
35979,62.9,70.0,70.0,2,0,10,1,NULL
35695,48.6,65.0,65.0,4,0,93,0,-20.2
35696,60,75.0,75.0,2,1,94,0,-21.683333333333334
35697,62.9,85.0,85.0,4,0,94,94,-118.25
35470,45.7,80.0,80.0,3,1,94,19,-146.38333333333333
35472,85.7,90.0,90.0,1,1,22,0,-1.1
35474,68.6,80.0,80.0,2,0,46,0,-23.316666666666666
35475,60,85.0,85.0,2,0,27,0,-2.066666666666667
35476,71.4,70.0,70.0,2,0,22,0,-18.75
33605,71.4,90.0,90.0,3,0,19,3,NULL
35479,85.7,85.0,85.0,2,0,16,0,NULL
36184,62.9,100.0,80.0,1,0,12,0,NULL
35579,100,100.0,100.0,0,1,0,0,NULL
35578,91.4,80.0,90.0,2,0,94,46,-98.61666666666666
35674,74.3,100.0,100.0,0,NULL,0.0,0.0,NULL
35675,62.9,100.0,100.0,4,0,94,0,-49.75
35672,74.3,70.0,70.0,4,1,94,0,-19.75
35673,94.3,90.0,100.0,4,0,94,0,-28.8
35670,62.9,NULL,NULL,2,0,45,18,-48.18333333333333
35671,65.7,100.0,75.0,4,1,94,0,-53.483333333333334
35571,94.3,100.0,80.0,2,0,0,0,NULL
35570,94.3,100.0,100.0,4,1,94,46,-142.43333333333334
35573,77.1,90.0,85.0,1,1,21,0,-0.31666666666666665
35572,88.6,100.0,95.0,2,1,46,22,-75.81666666666666
35575,57.1,100.0,100.0,4,1,54,0,-23.733333333333334
35574,85.7,89.0,89.0,0,1,24,0,-0.6833333333333333
35577,97.1,80.0,80.0,0,NULL,0.0,0.0,NULL
35576,94.3,85.0,85.0,0,1,84,0,-7.066666666666666
35089,71.4,90.0,90.0,4,0,92,89,-116.25
36102,45.7,70.0,70.0,1,0,22,0,-1.7333333333333334
36187,77.1,80.0,80.0,2,0,37,0,-20.4
35584,68.6,90.0,90.0,3,0,54,2,-8.55
33770,71.4,80.0,80.0,0,0,46,0,-6.85
35586,74.3,100.0,100.0,1,0,34,24,-10.05
35587,80,100.0,100.0,0,1,67,0,-25.716666666666665
35580,57.1,NULL,NULL,NULL,1,2,0,NULL
35581,74.3,100.0,80.0,3,1,70,0,-20.383333333333333
35582,25.7,90.0,90.0,2,0,26,0,-31.766666666666666
35583,80,NULL,NULL,NULL,0,40,24,-46.38333333333333
35962,68.6,90.0,90.0,2,0,39,0,-2.683333333333333
35465,51.4,85.0,85.0,2,0,48,24,-51.65
36106,51.4,89.0,89.0,2,NULL,0.0,0.0,NULL
35588,62.9,100.0,100.0,0,1,54,0,-5.8
35589,77.1,70.0,70.0,1,1,24,24,-23.85
36159,97.1,100.0,100.0,2,NULL,0.0,0.0,NULL
29880,62.9,80.0,80.0,2,NULL,0.0,0.0,NULL
33852,80,80.0,80.0,1,1,0,0,NULL
33505,45.7,80.0,80.0,1,1,24,0,-0.7166666666666667
36107,77.1,80.0,80.0,2,1,61,46,-173.18333333333334
35739,100,100.0,100.0,4,1,70,0,-60.71666666666667
35951,71.4,70.0,70.0,3,1,94,94,-165.03333333333333
33697,65.7,100.0,90.0,2,0,57,24,-93.98333333333333
35406,74.3,100.0,100.0,0,0,70,0,-27.833333333333332
35874,74.3,88.0,88.0,2,1,53,24,-48.6
35963,85.7,90.0,90.0,2,1,94,0,-49.766666666666666
35409,54.3,70.0,70.0,3,0,51,8,-20.366666666666667
35408,42.9,80.0,80.0,1,NULL,0.0,0.0,NULL
36039,100,100.0,100.0,2,1,16,0,NULL
35953,77.1,100.0,100.0,2,1,85,46,-76.61666666666666
35862,60,70.0,80.0,0,0,35,0,-3.8
36415,94.3,90.0,90.0,0,NULL,0.0,0.0,NULL
35803,60,1.0,1.0,4,0,83,60,-73.18333333333334
30155,37.1,75.0,75.0,4,1,94,0,-75.4
35860,37.1,100.0,100.0,0,1,30,0,-0.85
33598,94.3,100.0,100.0,4,1,59,24,-24.45
36212,80,80.0,80.0,0,1,24,0,-1.0333333333333334
35732,85.7,93.0,93.0,0,0,0,0,NULL
33594,54.3,89.0,89.0,1,0,0,0,NULL
35086,74.3,95.0,95.0,3,0,94,0,-73.7
35866,82.9,85.0,85.0,1,NULL,0.0,0.0,NULL
36188,65.7,100.0,70.0,0,1,46,0,-3.9166666666666665
35865,74.3,90.0,90.0,3,1,94,0,-29.35
35152,100,100.0,100.0,0,1,24,0,-5.516666666666667
35723,65.7,70.0,70.0,3,1,70,0,-21.4
35687,82.9,70.0,70.0,2,1,50,0,-5.0
36003,88.6,90.0,90.0,1,NULL,0.0,0.0,NULL
36030,40,NULL,NULL,NULL,NULL,0.0,0.0,NULL
34384,51.4,80.0,80.0,4,0,94,46,-77.7
36054,82.9,80.0,80.0,1,1,92,22,-44.06666666666667
34486,74.3,100.0,100.0,3,0,94,72,-140.35
36279,42.9,100.0,80.0,1,0,24,0,-2.45
35868,88.6,100.0,100.0,0,0,46,0,-29.65
29667,45.7,100.0,100.0,3,1,70,24,-70.43333333333334
36273,60,NULL,NULL,NULL,NULL,0.0,0.0,NULL
35683,60,80.0,80.0,1,NULL,0.0,0.0,NULL
36271,60,80.0,80.0,0,1,4,0,NULL
36270,34.3,90.0,90.0,2,1,12,0,NULL
36276,51.4,70.0,70.0,2,1,36,0,-2.716666666666667
36275,65.7,85.0,85.0,2,1,46,0,-20.583333333333332
35729,88.6,80.0,80.0,1,1,24,0,-0.55
36196,82.9,88.0,88.0,0,NULL,0.0,0.0,NULL
36191,80,100.0,100.0,4,NULL,0.0,0.0,NULL
34479,71.4,84.0,84.0,0,0,37,0,-4.533333333333333
34478,68.6,100.0,85.0,3,0,94,48,-143.8
34477,31.4,80.0,80.0,1,0,22,0,-3.316666666666667
34476,57.1,100.0,60.0,0,1,94,0,-5.333333333333333
34475,65.7,85.0,85.0,2,0,82,15,-28.666666666666668
34474,65.7,100.0,95.0,3,1,72,46,-77.93333333333334
34473,97.1,100.0,95.0,0,0,20,0,-3.3333333333333335
34470,40,70.0,70.0,4,0,88,40,-168.51666666666668
34656,54.3,NULL,NULL,NULL,NULL,0.0,0.0,NULL
34655,42.9,70.0,70.0,4,1,94,0,-27.516666666666666
36194,51.4,50.0,50.0,3,0,70,24,-43.4
34651,48.6,60.0,60.0,0,NULL,0.0,0.0,NULL
34650,68.6,90.0,90.0,0,1,29,0,-3.1
35706,60,90.0,90.0,4,0,91,24,-48.916666666666664
35707,74.3,100.0,100.0,2,0,24,0,-1.25
35704,48.6,67.0,67.0,2,0,22,0,-1.7
35705,51.4,NULL,NULL,NULL,1,78,36,-25.65
35703,74.3,100.0,70.0,3,1,94,24,-73.86666666666666
34659,60,90.0,90.0,0,NULL,0.0,0.0,NULL
34495,68.6,100.0,100.0,2,1,24,0,-2.45
34494,77.1,100.0,100.0,3,0,24,14,-5.65
34497,34.3,85.0,85.0,1,1,46,0,-7.083333333333333
36182,68.6,100.0,100.0,2,0,70,0,-45.11666666666667
34491,65.7,100.0,100.0,4,0,94,45,-78.43333333333334
34490,88.6,NULL,NULL,0,0,27,27,-14.833333333333334
34493,25.7,85.0,85.0,2,NULL,0.0,0.0,NULL
36186,71.4,75.0,75.0,0,0,3,0,NULL
36189,62.9,75.0,75.0,4,0,80,17,-76.48333333333333
34555,85.7,100.0,100.0,1,0,22,0,-1.9833333333333334
34556,54.3,70.0,70.0,4,1,83,75,-98.33333333333333
34557,60,100.0,100.0,2,1,33,0,-3.6333333333333333
34499,68.6,NULL,NULL,NULL,NULL,0.0,0.0,NULL
34551,57.1,70.0,70.0,2,1,64,0,-4.866666666666666
34552,42.9,85.0,85.0,1,NULL,0.0,0.0,NULL
34553,74.3,60.0,60.0,0,NULL,0.0,0.0,NULL
35830,65.7,100.0,83.0,1,1,12,0,NULL
35831,57.1,100.0,100.0,1,1,44,22,-142.73333333333332
35833,77.1,100.0,95.0,3,0,31,0,-2.2333333333333334
35834,82.9,100.0,100.0,4,0,73,40,-116.16666666666667
35835,85.7,100.0,90.0,2,NULL,0.0,0.0,NULL
35837,68.6,100.0,50.0,4,1,15,0,NULL
35838,71.4,100.0,100.0,0,NULL,0.0,0.0,NULL
35839,71.4,80.0,100.0,4,0,65,24,-50.71666666666667
35818,94.3,NULL,NULL,NULL,NULL,0.0,0.0,NULL
35939,82.9,100.0,80.0,4,1,70,14,-28.066666666666666
35938,54.3,100.0,100.0,0,0,22,0,-1.0833333333333333
34687,71.4,83.0,83.0,2,0,27,0,-1.7166666666666666
34488,62.9,80.0,80.0,1,1,1,0,NULL
34692,62.9,85.0,85.0,2,0,24,24,-53.583333333333336
35931,74.3,NULL,NULL,NULL,1,24,0,-1.3833333333333333
35930,82.9,75.0,75.0,2,1,24,24,-74.93333333333334
35933,34.3,80.0,80.0,1,0,89,36,-50.43333333333333
35932,82.9,100.0,90.0,1,NULL,0.0,0.0,NULL
35934,88.6,80.0,95.0,2,0,4,2,NULL
35936,57.1,100.0,75.0,3,1,54,19,-142.9
36406,60,NULL,NULL,NULL,0,15,0,NULL
35201,85.7,100.0,95.0,4,1,32,0,-0.48333333333333334
35204,91.4,100.0,100.0,1,0,46,0,-3.7666666666666666
33726,82.9,90.0,90.0,2,0,0,0,NULL
33727,80,100.0,100.0,3,1,94,70,-27.833333333333332
34683,77.1,83.0,83.0,2,0,29,0,-6.666666666666667
33720,60,90.0,90.0,1,NULL,0.0,0.0,NULL
33488,45.7,100.0,100.0,0,1,19,0,NULL
35777,85.7,75.0,75.0,4,0,78,69,-77.9
34721,62.9,100.0,80.0,2,1,54,0,-4.683333333333334
34720,62.9,100.0,95.0,1,1,0,0,NULL
35813,94.3,87.0,87.0,0,0,13,0,NULL
35632,82.9,100.0,100.0,4,0,70,0,-6.366666666666666
35633,77.1,75.0,75.0,2,1,34,34,-27.266666666666666
35630,77.1,75.0,80.0,3,1,94,57,-45.61666666666667
35631,57.1,80.0,80.0,1,1,24,0,-23.066666666666666
35636,71.4,100.0,100.0,4,1,94,0,-7.933333333333334
35775,74.3,90.0,90.0,2,0,28,0,-5.45
35634,85.7,90.0,90.0,1,0,43,0,-4.65
35635,80,100.0,100.0,2,1,94,46,-86.9
35958,100,90.0,90.0,0,0,24,0,-1.6
36032,74.3,80.0,80.0,4,0,94,0,-74.75
36289,57.1,80.0,80.0,2,0,34,8,-3.3
35773,74.3,NULL,NULL,NULL,1,9,0,NULL
35772,65.7,80.0,80.0,3,0,70,0,-25.916666666666668
33432,94.3,100.0,100.0,4,1,94,0,-25.516666666666666
35844,80,94.0,94.0,0,1,46,0,-5.066666666666666
35847,34.3,100.0,100.0,2,0,46,24,-100.18333333333334
35846,51.4,NULL,NULL,0,0,40,0,-4.45
36057,77.1,89.0,89.0,2,1,46,0,-18.016666666666666
35814,68.6,100.0,100.0,0,1,75,0,-19.933333333333334
35843,80,100.0,80.0,4,1,40,0,-2.65
35842,88.6,100.0,100.0,4,1,88,46,-186.85
36112,45.7,70.0,70.0,0,NULL,0.0,0.0,NULL
36113,71.4,100.0,100.0,2,1,46,24,-29.716666666666665
36059,57.1,85.0,85.0,1,1,86,0,-20.95
36058,68.6,89.0,89.0,0,NULL,0.0,0.0,NULL
35849,82.9,80.0,80.0,4,1,94,70,-46.35
36117,68.6,85.0,85.0,2,1,94,0,-67.88333333333334
36114,82.9,80.0,80.0,4,0,67,0,-16.15
36115,71.4,80.0,80.0,1,1,19,0,NULL
36099,74.3,100.0,80.0,0,0,0,0,NULL
36398,88.6,100.0,90.0,2,1,70,0,-4.033333333333333
35449,62.9,90.0,90.0,2,1,82,17,-53.5
35448,80,85.0,85.0,1,0,0,0,NULL
31862,88.6,NULL,NULL,1,0,94,94,-43.38333333333333
35441,62.9,100.0,100.0,2,0,12,0,NULL
35440,68.6,100.0,93.0,1,0,24,0,-6.15
35443,100,100.0,100.0,1,0,3,0,NULL
35442,60,100.0,100.0,4,0,24,0,-3.45
35445,54.3,70.0,70.0,2,0,5,5,NULL
35444,62.9,100.0,100.0,3,0,22,0,-1.2
35447,80,70.0,85.0,4,1,94,94,-71.18333333333334
35446,74.3,85.0,85.0,3,1,35,28,-18.3
36020,85.7,80.0,80.0,2,NULL,0.0,0.0,NULL
36403,82.9,100.0,100.0,1,NULL,0.0,0.0,NULL
34909,57.1,80.0,80.0,0,NULL,0.0,0.0,NULL
29722,48.6,NULL,NULL,NULL,NULL,0.0,0.0,NULL
34906,68.6,85.0,85.0,2,1,75,16,-47.2
33641,51.4,100.0,57.0,4,1,46,46,-43.93333333333333
33642,45.7,75.0,75.0,1,1,43,8,-19.35
33645,94.3,100.0,100.0,4,0,94,70,-78.83333333333333
33646,40,80.0,80.0,4,0,73,46,-25.383333333333333
33648,42.9,70.0,70.0,0,1,94,0,-4.55
36205,60,90.0,90.0,1,1,51,0,-4.866666666666666
34349,82.9,100.0,100.0,4,1,94,24,-23.3
36178,71.4,NULL,NULL,NULL,1,81,0,-3.8833333333333333
35988,57.1,NULL,NULL,NULL,NULL,0.0,0.0,NULL
35922,74.3,100.0,100.0,1,0,14,14,NULL
36239,34.3,NULL,NULL,NULL,1,94,94,-166.65
36238,74.3,85.0,85.0,0,NULL,0.0,0.0,NULL
35980,51.4,95.0,95.0,0,1,46,0,-22.65
35981,82.9,100.0,100.0,4,0,93,73,-92.81666666666666
35982,80,80.0,80.0,2,1,94,0,-41.96666666666667
35983,77.1,85.0,85.0,2,1,46,0,-52.2
36233,74.3,80.0,80.0,4,1,94,0,-27.883333333333333
35985,85.7,50.0,50.0,1,NULL,0.0,0.0,NULL
35986,68.6,90.0,90.0,0,NULL,0.0,0.0,NULL
35987,91.4,93.0,93.0,1,0,24,0,-1.8666666666666667
36292,100,100.0,100.0,0,1,24,0,-8.3
35786,94.3,100.0,95.0,0,0,43,0,-50.95
35794,71.4,85.0,85.0,3,1,94,60,-54.083333333333336
36179,68.6,90.0,90.0,0,0,83,0,-3.4
35796,68.6,100.0,100.0,3,1,94,0,-98.03333333333333
36033,77.1,90.0,90.0,2,0,38,0,-5.4
30203,74.3,100.0,100.0,1,1,19,0,NULL
35658,48.6,100.0,85.0,2,1,48,0,-6.383333333333334
35925,71.4,NULL,NULL,NULL,1,48,24,-46.78333333333333
30208,82.9,80.0,80.0,2,0,94,0,-21.35
36150,80,85.0,85.0,1,NULL,0.0,0.0,NULL
35659,68.6,NULL,NULL,0,NULL,0.0,0.0,NULL
34510,40,60.0,65.0,4,0,92,72,-149.93333333333334
34511,68.6,90.0,90.0,0,0,66,0,-30.466666666666665
34512,54.3,100.0,100.0,2,0,24,0,-1.9666666666666666
35183,94.3,100.0,100.0,0,NULL,0.0,0.0,NULL
34514,54.3,75.0,75.0,4,1,91,69,-120.0
34515,42.9,80.0,80.0,2,0,24,0,-6.233333333333333
34516,42.9,23.0,40.0,2,1,94,48,-21.116666666666667
35606,71.4,NULL,NULL,NULL,0,22,0,-1.75
34518,71.4,100.0,100.0,2,1,62,0,-4.883333333333334
34519,42.9,80.0,80.0,0,1,30,0,-4.616666666666666
34691,91.4,100.0,100.0,2,NULL,0.0,0.0,NULL
34690,57.1,80.0,80.0,1,1,71,16,-20.266666666666666
34696,40,100.0,100.0,2,0,83,24,-51.916666666666664
35065,100,60.0,60.0,4,0,94,69,-90.2
34694,82.9,90.0,90.0,2,1,46,0,-3.7666666666666666
36208,94.3,100.0,100.0,0,1,9,0,NULL
35869,77.1,80.0,80.0,3,0,94,70,-74.51666666666667
35799,45.7,80.0,80.0,2,0,70,24,-27.0
35600,82.9,100.0,90.0,0,NULL,0.0,0.0,NULL
36118,65.7,90.0,90.0,3,0,65,47,-45.31666666666667
36147,51.4,80.0,80.0,1,1,22,0,-1.6333333333333333
34708,60,90.0,90.0,1,1,5,0,NULL
34424,60,NULL,NULL,NULL,NULL,0.0,0.0,NULL
34427,65.7,85.0,85.0,4,1,94,0,-116.73333333333333
34589,40,100.0,42.9,2,1,24,0,-1.3666666666666667
34588,60,75.0,75.0,2,0,57,29,-76.73333333333333
34587,57.1,80.0,80.0,2,0,51,46,-47.5
34585,57.1,75.0,75.0,0,1,24,0,-1.1833333333333333
34584,42.9,100.0,80.0,4,NULL,0.0,0.0,NULL
34428,37.1,66.0,66.0,1,0,94,24,-49.28333333333333
35112,80,100.0,100.0,4,1,29,0,-51.53333333333333
34581,57.1,80.0,100.0,3,1,69,40,-52.38333333333333
36140,94.3,NULL,NULL,3,1,94,94,-43.68333333333333
33448,85.7,NULL,NULL,NULL,NULL,0.0,0.0,NULL
36143,77.1,90.0,90.0,0,NULL,0.0,0.0,NULL
35590,74.3,90.0,90.0,2,1,51,0,-5.15
34564,77.1,50.0,80.0,2,0,41,13,-47.03333333333333
36278,45.7,NULL,NULL,NULL,NULL,0.0,0.0,NULL
34561,51.4,75.0,75.0,4,0,94,0,-73.5
34560,48.6,NULL,NULL,NULL,0,0,0,NULL
34562,60,75.0,75.0,1,0,22,0,-1.6
34605,45.7,100.0,100.0,2,NULL,0.0,0.0,NULL
34606,34.3,75.0,75.0,2,0,12,0,NULL
34607,85.7,100.0,100.0,2,1,34,24,-102.5
34601,31.4,50.0,100.0,2,1,35,11,-4.35
34602,68.6,80.0,80.0,0,NULL,0.0,0.0,NULL
36017,74.3,90.0,90.0,0,0,94,0,-33.63333333333333
36016,51.4,100.0,70.0,1,1,43,0,-0.43333333333333335
36015,85.7,80.0,80.0,4,0,94,91,-96.48333333333333
36014,74.3,100.0,100.0,0,0,27,0,-1.5166666666666666
36013,94.3,80.0,80.0,2,1,0,0,NULL
36012,80,100.0,100.0,1,1,46,0,-4.216666666666667
36011,100,100.0,100.0,4,1,64,0,-39.916666666666664
35878,57.1,100.0,100.0,4,1,72,24,-44.483333333333334
34583,54.3,100.0,100.0,3,0,37,0,-4.15
36070,60,70.0,70.0,4,1,94,0,-147.36666666666667
36019,68.6,100.0,100.0,2,NULL,0.0,0.0,NULL
36018,97.1,90.0,90.0,1,1,46,24,-73.91666666666667
35742,88.6,90.0,90.0,4,1,94,0,-44.7
35743,85.7,100.0,95.0,1,NULL,0.0,0.0,NULL
35740,88.6,95.0,95.0,0,1,16,0,NULL
35741,100,NULL,NULL,NULL,0,2,2,NULL
35746,80,90.0,90.0,3,0,12,0,NULL
35747,74.3,95.0,95.0,4,1,94,0,-156.23333333333332
35960,54.3,NULL,NULL,3,0,86,63,-70.1
35961,25.7,75.0,75.0,2,0,31,0,-4.883333333333334
35800,91.4,95.0,95.0,0,0,94,0,-69.56666666666666
35748,94.3,100.0,100.0,0,NULL,0.0,0.0,NULL
35749,40,100.0,75.0,3,1,94,32,-43.78333333333333
35804,88.6,88.0,88.0,0,NULL,0.0,0.0,NULL
35807,68.6,80.0,80.0,3,0,34,0,-4.033333333333333
35806,57.1,NULL,NULL,NULL,0,12,0,NULL
35879,65.7,90.0,90.0,1,0,67,0,-54.43333333333333
35485,45.7,100.0,100.0,4,0,94,23,-43.516666666666666
33617,42.9,100.0,90.0,2,0,11,0,NULL
35486,77.1,100.0,100.0,4,1,94,69,-140.71666666666667
35481,88.6,100.0,100.0,2,1,94,46,-30.083333333333332
35480,62.9,100.0,87.0,3,0,94,52,-77.68333333333334
35483,42.9,60.0,80.0,2,1,51,0,-5.983333333333333
35482,60,60.0,65.0,4,0,87,49,-144.86666666666667
35643,42.9,100.0,90.0,1,1,24,0,-16.933333333333334
35642,40,100.0,70.0,2,0,25,0,-1.3333333333333333
35568,94.3,98.0,98.0,4,0,94,0,-11.183333333333334
35640,94.3,100.0,100.0,1,NULL,0.0,0.0,NULL
35647,88.6,100.0,70.0,0,1,94,0,-52.86666666666667
35646,68.6,100.0,100.0,1,0,52,2,-2.816666666666667
35645,82.9,100.0,100.0,1,1,94,0,-97.68333333333334
35644,74.3,NULL,NULL,NULL,NULL,0.0,0.0,NULL
35562,71.4,80.0,75.0,2,0,76,42,-26.95
35563,80,86.0,86.0,2,1,79,8,-7.45
35560,82.9,100.0,100.0,1,NULL,0.0,0.0,NULL
35561,82.9,100.0,90.0,4,1,94,72,-49.93333333333333
35566,74.3,NULL,NULL,NULL,0,21,0,-2.1333333333333333
35567,60,100.0,95.0,4,0,93,93,-167.2
35564,94.3,100.0,94.0,4,1,94,72,-75.16666666666667
35565,68.6,90.0,90.0,1,1,40,0,-0.95
36209,65.7,NULL,NULL,NULL,1,0,0,NULL
36074,62.9,100.0,80.0,2,0,24,0,-2.2333333333333334
36031,71.4,100.0,90.0,4,0,48,0,-18.483333333333334
36077,77.1,80.0,80.0,2,NULL,0.0,0.0,NULL
36097,51.4,100.0,70.0,2,1,40,0,-3.3333333333333335
36163,82.9,100.0,100.0,0,NULL,0.0,0.0,NULL
35246,91.4,90.0,90.0,0,1,94,0,-7.133333333333334
35245,97.1,92.0,91.0,0,1,0,0,NULL
36076,94.3,92.0,92.0,0,1,40,0,-3.3666666666666667
35243,77.1,85.0,85.0,1,0,27,0,-33.8
36166,65.7,NULL,NULL,2,0,46,22,-79.8
35241,74.3,100.0,100.0,0,1,94,0,-79.06666666666666
36164,94.3,100.0,100.0,0,1,0,0,NULL
36071,85.7,75.0,75.0,0,1,0,0,NULL
36169,54.3,100.0,100.0,2,1,0,0,NULL
36168,34.3,50.0,50.0,4,1,94,94,-117.81666666666666
35249,88.6,86.0,86.0,2,1,55,22,-43.85
35248,88.6,90.0,90.0,1,NULL,0.0,0.0,NULL
36119,45.7,100.0,100.0,4,1,94,70,-73.25
36126,60,80.0,80.0,0,NULL,0.0,0.0,NULL
36072,88.6,100.0,90.0,0,0,34,0,-1.3166666666666667
36026,48.6,70.0,70.0,2,1,86,5,-8.983333333333333
36082,94.3,95.0,95.0,0,NULL,0.0,0.0,NULL
35416,77.1,80.0,80.0,4,1,94,71,-163.66666666666666
35417,94.3,90.0,90.0,4,0,94,94,-188.7
35415,65.7,85.0,90.0,3,1,36,14,-5.65
35412,71.4,90.0,90.0,1,NULL,0.0,0.0,NULL
35413,65.7,1.0,100.0,3,0,91,0,-69.2
35410,37.1,100.0,50.0,3,NULL,0.0,0.0,NULL
35419,62.9,NULL,NULL,NULL,0,91,72,-127.76666666666667
36170,91.4,85.293,85.293,1,1,94,0,-50.56666666666667
36120,82.9,100.0,95.0,3,1,70,0,-7.983333333333333
36171,80,NULL,NULL,NULL,NULL,0.0,0.0,NULL
33993,100,100.0,95.0,4,1,94,70,-163.85
33998,57.1,NULL,NULL,NULL,1,35,0,-5.133333333333334
35875,85.7,100.0,100.0,2,0,84,24,-79.91666666666667
34609,65.7,100.0,94.0,4,0,22,0,-5.9
36048,65.7,82.0,82.0,4,0,94,70,-54.93333333333333
35970,62.9,100.0,90.0,2,1,61,22,-69.66666666666667
34007,22.9,100.0,100.0,2,0,94,24,-54.96666666666667
36264,85.7,90.0,90.0,4,1,94,21,-98.41666666666667
36265,97.1,80.0,80.0,2,1,6,0,NULL
36266,48.6,75.0,75.0,2,1,24,0,-0.8333333333333334
34399,51.4,70.0,75.0,1,0,14,0,NULL
36260,80,90.0,90.0,1,NULL,0.0,0.0,NULL
36261,85.7,98.0,98.0,2,1,6,0,NULL
36262,88.6,100.0,100.0,0,NULL,0.0,0.0,NULL
36263,91.4,95.0,95.0,0,NULL,0.0,0.0,NULL
36344,42.9,NULL,NULL,NULL,NULL,0.0,0.0,NULL
36343,54.3,NULL,NULL,NULL,0,1,0,NULL
36269,42.9,70.01,70.01,2,1,32,0,-26.316666666666666
33839,48.6,100.0,100.0,0,1,43,0,-5.8
36049,28.6,NULL,NULL,4,1,93,93,-145.15
36272,65.7,70.0,70.0,0,0,33,0,-65.61666666666666
34099,71.4,NULL,NULL,NULL,NULL,0.0,0.0,NULL
35709,62.9,NULL,NULL,NULL,NULL,0.0,0.0,NULL
34568,85.7,100.0,80.0,0,1,31,0,-4.55
34468,57.1,100.0,93.0,2,0,54,35,-45.483333333333334
34469,45.7,80.0,80.0,2,0,36,0,-3.283333333333333
34460,80,80.0,80.0,2,NULL,0.0,0.0,NULL
34461,51.4,82.0,82.0,1,1,14,0,NULL
34462,48.6,60.0,60.0,2,1,94,0,-4.983333333333333
34463,65.7,100.0,100.0,4,0,91,26,-26.833333333333332
34466,80,85.0,85.0,1,NULL,0.0,0.0,NULL
34467,80,70.0,70.0,1,0,4,0,NULL
34640,40,50.0,50.0,2,0,22,14,-75.85
34134,94.3,96.0,96.0,2,0,70,0,-8.233333333333333
35738,82.9,70.0,70.0,1,0,46,24,-47.766666666666666
34644,42.9,50.0,50.0,0,1,46,0,-2.283333333333333
34645,51.4,100.0,100.0,3,1,91,0,-1.7833333333333334
34647,65.7,91.0,90.0,2,1,70,0,-23.833333333333332
35733,91.4,80.0,80.0,1,1,94,24,-29.85
34649,25.7,80.0,100.0,2,1,22,0,-1.5333333333333334
35731,80,50.0,100.0,0,0,94,2,-25.983333333333334
35737,42.9,NULL,NULL,NULL,NULL,0.0,0.0,NULL
35736,51.4,NULL,NULL,NULL,0,9,9,NULL
35735,94.3,80.0,80.0,0,1,40,0,-6.0
35734,65.7,100.0,100.0,0,1,11,0,NULL
34529,45.7,70.0,70.0,0,0,23,0,-3.9166666666666665
34487,45.7,100.0,100.0,0,NULL,0.0,0.0,NULL
36190,62.9,80.0,80.0,0,0,24,0,-1.15
34485,62.9,80.0,80.0,1,1,53,0,-1.4333333333333333
34482,42.9,79.0,65.0,4,0,12,1,NULL
34483,80,95.0,95.0,0,1,15,0,NULL
34480,37.1,75.0,75.0,3,1,46,0,-0.7833333333333333
34481,45.7,100.0,70.0,4,1,94,48,-48.21666666666667
34520,40,100.0,70.0,2,1,39,0,-2.1
36198,60,80.0,80.0,3,0,73,0,-24.4
34522,82.9,90.0,90.0,0,0,75,0,-2.35
34524,65.7,85.0,85.0,2,0,48,24,-27.433333333333334
34527,74.3,100.0,100.0,4,0,11,0,NULL
34489,88.6,100.0,100.0,0,0,22,0,-24.45
36181,80,70.0,70.0,2,0,12,0,NULL
36027,77.1,90.0,90.0,3,0,94,70,-76.86666666666666
36047,11.4,NULL,NULL,NULL,0,0,0,NULL
35888,77.1,90.0,90.0,0,0,24,0,-0.7166666666666667
36010,80,80.0,80.0,3,1,94,0,-5.15
36183,68.6,NULL,NULL,0,0,91,46,-20.066666666666666
36298,68.6,85.0,85.0,1,0,24,0,-3.5166666666666666
35928,100,100.0,100.0,2,1,94,46,-118.53333333333333
35929,88.6,100.0,100.0,2,0,43,0,-1.7166666666666666
36042,51.4,70.0,70.0,2,0,56,0,-15.783333333333333
35142,88.6,95.0,100.0,2,0,94,53,-43.833333333333336
35143,74.3,85.0,85.0,0,0,18,0,NULL
36291,71.4,100.0,80.0,0,NULL,0.0,0.0,NULL
35923,54.3,90.0,90.0,4,1,94,1,-35.4
35920,51.4,100.0,100.0,4,0,94,0,-99.05
35859,88.6,100.0,100.0,0,1,24,0,-4.616666666666666
36295,60,100.0,80.0,4,1,94,0,-42.63333333333333
35927,57.1,100.0,100.0,4,0,30,0,-51.81666666666667
35924,62.9,75.0,75.0,2,0,70,6,1132.85
34559,51.4,50.0,50.0,2,0,73,43,-45.63333333333333
35607,80,85.0,85.0,2,0,5,0,NULL
23461,48.6,75.0,75.0,3,0,71,71,-52.983333333333334
35605,82.9,100.0,100.0,2,0,46,0,-25.783333333333335
35604,88.6,100.0,100.0,0,1,94,0,-45.18333333333333
35603,71.4,85.0,85.0,1,0,24,0,-2.033333333333333
35602,80,100.0,100.0,0,NULL,0.0,0.0,NULL
35601,85.7,80.0,80.0,0,1,46,0,-7.25
35196,77.1,80.0,80.0,2,1,94,45,-24.666666666666668
33712,74.3,80.0,85.0,1,0,46,24,-47.25
33710,34.3,NULL,NULL,NULL,1,41,24,-20.3
33716,94.3,90.0,90.0,2,0,68,0,-25.5
35609,77.1,80.0,80.0,4,1,94,48,-165.76666666666668
35608,71.4,100.0,100.0,2,1,24,0,-17.983333333333334
34635,40,80.0,80.0,0,0,22,0,-6.85
34637,82.9,NULL,NULL,NULL,NULL,0.0,0.0,NULL
34636,77.1,80.0,80.0,2,1,0,0,NULL
34631,82.9,85.0,85.0,2,NULL,0.0,0.0,NULL
34630,54.3,80.0,80.0,2,1,8,0,NULL
34633,45.7,70.0,70.0,2,1,0,0,NULL
34632,80,70.0,70.0,1,0,57,0,-4.666666666666667
36045,82.9,92.0,92.0,2,0,46,24,-58.25
34638,74.3,100.0,100.0,1,1,46,0,-0.8166666666666667
36127,34.3,70.0,70.0,0,0,0,0,NULL
35809,60,NULL,NULL,NULL,1,16,16,NULL
36125,77.1,100.0,95.0,1,0,0,0,NULL
36124,74.3,75.0,75.0,1,0,15,0,NULL
36123,80,70.0,70.0,0,0,5,0,NULL
36122,54.3,NULL,NULL,NULL,NULL,0.0,0.0,NULL
36121,62.9,80.0,80.0,2,NULL,0.0,0.0,NULL
35808,71.4,80.0,80.0,2,1,64,0,-21.733333333333334
35789,85.7,73.0,73.0,0,NULL,0.0,0.0,NULL
34550,71.4,90.0,90.0,1,NULL,0.0,0.0,NULL
35964,71.4,85.0,85.0,1,NULL,0.0,0.0,NULL
36129,94.3,75.0,75.0,0,0,66,0,-7.283333333333333
36128,80,100.0,100.0,4,0,29,0,-21.2
35856,82.9,NULL,NULL,NULL,1,53,27,-18.8
35873,74.3,100.0,75.0,2,1,3,3,NULL
35854,62.9,78.0,78.0,2,0,94,24,-48.6
35855,85.7,100.0,85.0,3,0,94,51,-24.016666666666666
35852,74.3,100.0,85.0,1,0,94,0,-81.45
35853,91.4,100.0,100.0,0,NULL,0.0,0.0,NULL
35850,80,100.0,90.0,1,0,19,0,NULL
36034,48.6,70.0,70.0,2,1,24,0,334.48333333333335
35283,91.4,94.0,100.0,3,1,89,70,-51.0
35282,62.9,100.0,100.0,4,1,94,46,-128.13333333333333
36046,80,90.0,90.0,3,0,73,0,-4.583333333333333
35280,88.6,90.0,90.0,0,1,78,0,-68.7
36040,57.1,87.0,87.0,4,0,94,70,-93.36666666666666
36041,65.7,80.0,100.0,0,1,0,0,NULL
35858,82.9,70.0,70.0,0,1,14,0,NULL
35284,85.7,NULL,NULL,NULL,1,12,0,NULL
35744,94.3,95.0,95.0,2,0,24,0,-13.283333333333333
35458,45.7,50.0,85.0,1,NULL,0.0,0.0,NULL
36274,77.1,88.0,88.0,1,1,49,26,-19.6
35452,80,100.0,100.0,3,0,94,57,-58.06666666666667
33785,51.4,70.0,70.0,4,1,79,0,-10.066666666666666
35450,65.7,90.0,90.0,4,1,30,0,-5.85
35198,25.7,75.0,75.0,1,0,59,0,-19.883333333333333
35457,88.6,80.0,80.0,4,1,94,94,-103.66666666666667
35454,85.7,85.0,85.0,0,0,3,0,NULL
35802,68.6,82.0,82.0,3,1,94,39,-75.0
26302,68.6,70.0,70.0,NULL,0,31,0,-23.1
35812,74.3,100.0,100.0,2,1,48,0,-4.233333333333333
35968,91.4,100.0,100.0,3,0,94,94,-19.4
35969,100,99.0,100.0,0,0,94,0,-96.68333333333334
35181,57.1,90.0,90.0,2,0,46,0,-1.8
36338,77.1,80.0,80.0,4,1,94,16,-45.11666666666667
36228,65.7,85.0,85.0,1,1,22,0,-0.2
36229,71.4,70.0,70.0,0,1,24,0,-3.8666666666666667
33975,82.9,90.0,90.0,2,0,27,0,-2.0166666666666666
36220,77.1,85.0,85.0,1,0,27,0,-1.4166666666666667
36221,71.4,NULL,NULL,0,1,14,0,NULL
36223,51.4,70.0,70.0,1,NULL,0.0,0.0,NULL
36224,100,90.0,90.0,4,0,94,85,-90.61666666666666
36225,65.7,100.0,100.0,0,0,23,0,-2.533333333333333
36226,62.9,NULL,NULL,NULL,1,54,5,-8.333333333333334
36227,51.4,NULL,NULL,NULL,1,24,0,-1.55
36204,48.6,100.0,90.0,2,1,19,0,NULL
36297,60,70.0,70.0,0,NULL,0.0,0.0,NULL
35420,100,90.0,90.0,4,0,94,94,-117.05
35945,77.1,90.0,90.0,2,1,46,0,-8.85
34227,51.4,80.0,80.0,2,0,59,0,-6.15
35484,62.9,100.0,100.0,2,NULL,0.0,0.0,NULL
36044,82.9,90.0,90.0,0,0,63,0,-30.033333333333335
36139,68.6,NULL,NULL,NULL,0,13,0,NULL
35178,48.6,70.0,60.0,4,0,94,16,-171.31666666666666
34074,94.3,90.0,90.0,1,NULL,0.0,0.0,NULL
35175,80,100.0,80.0,3,1,94,57,-96.45
35965,80,100.0,100.0,3,0,70,70,-63.05
35176,68.6,75.0,75.0,1,1,46,5,-0.9833333333333333
36043,60,100.0,90.0,0,1,31,0,-9.416666666666666
36230,28.6,NULL,NULL,NULL,0,5,0,NULL
35881,28.6,80.0,75.0,4,0,94,36,-53.016666666666666
35880,22.9,70.0,100.0,3,0,36,0,-7.066666666666666
35885,85.7,90.0,90.0,3,1,70,70,-97.06666666666666
35884,94.3,85.0,85.0,2,0,56,16,-22.783333333333335
35887,65.7,80.0,80.0,2,0,24,0,-2.9166666666666665
36098,68.6,80.0,80.0,4,1,94,94,-54.733333333333334
35889,94.3,100.0,100.0,4,1,94,46,-27.266666666666666
36096,88.6,90.0,90.0,0,0,46,0,-44.483333333333334
36095,62.9,70.0,70.0,3,1,4,0,NULL
36094,57.1,100.0,100.0,1,0,24,0,-16.733333333333334
36093,88.6,90.0,90.0,3,1,68,0,-20.983333333333334
35787,82.9,100.0,100.0,2,0,22,0,-23.55
36091,85.7,100.0,100.0,2,NULL,0.0,0.0,NULL
36090,54.3,100.0,100.0,0,1,43,0,-3.9833333333333334
36088,85.7,85.0,85.0,0,1,70,0,-39.416666666666664
36259,48.6,70.0,70.0,2,0,17,0,NULL
36258,82.9,100.0,85.0,1,NULL,0.0,0.0,NULL
36089,94.3,100.0,100.0,2,0,17,0,NULL
36255,68.6,94.0,100.0,1,0,21,0,-3.6
36254,77.1,NULL,NULL,1,0,1,0,NULL
36257,45.7,80.0,80.0,2,1,10,0,NULL
36256,80,95.0,95.0,2,1,51,0,-5.633333333333334
35062,57.1,70.0,70.0,2,0,43,30,-47.03333333333333
35641,68.6,NULL,NULL,NULL,1,94,0,-6.016666666666667
36253,71.4,90.0,90.0,0,0,24,0,-20.483333333333334
36252,48.6,100.0,100.0,4,0,68,0,-48.833333333333336
34451,45.7,100.0,100.0,3,1,40,0,-3.816666666666667
34450,60,80.0,80.0,4,0,87,65,-55.516666666666666
34453,57.1,90.0,90.0,1,NULL,0.0,0.0,NULL
35569,77.1,100.0,100.0,1,0,83,24,-75.38333333333334
34455,68.6,100.0,70.0,4,1,94,94,-98.96666666666667
34454,54.3,100.0,100.0,2,1,34,0,-1.9333333333333333
34456,80,90.0,90.0,0,1,38,0,-18.8
34459,65.7,80.0,80.0,0,NULL,0.0,0.0,NULL
34591,48.6,80.0,80.0,3,1,81,57,-97.93333333333334
34592,77.1,85.0,85.0,2,1,46,0,-3.783333333333333
34593,77.1,100.0,100.0,1,NULL,0.0,0.0,NULL
35104,88.6,85.0,85.0,0,1,43,0,-1.7833333333333334
34596,57.1,86.0,86.0,1,1,22,0,-1.8
34597,54.3,100.0,60.0,3,0,94,0,-26.5
34949,51.4,90.0,90.0,2,NULL,0.0,0.0,NULL
36290,88.6,81.0,81.0,1,0,32,0,-1.8333333333333333
34679,68.6,NULL,NULL,NULL,NULL,0.0,0.0,NULL
34574,68.6,80.0,80.0,2,1,8,0,NULL
34575,85.7,60.0,55.0,2,0,70,24,-33.15
34570,51.4,100.0,45.0,1,0,15,0,NULL
34671,40,14.0,14.0,1,1,12,0,NULL
34670,82.9,90.0,90.0,2,NULL,0.0,0.0,NULL
34672,62.9,100.0,80.0,3,1,70,24,-29.516666666666666
34675,91.4,100.0,100.0,1,NULL,0.0,0.0,NULL
34674,54.3,85.0,85.0,2,0,21,0,-5.383333333333334
34578,62.9,85.0,85.0,1,NULL,0.0,0.0,NULL
34676,42.9,50.0,50.0,3,1,24,0,1.0833333333333333
36000,71.4,100.0,88.0,1,1,5,0,NULL
36001,62.9,NULL,NULL,NULL,0,16,0,NULL
36002,94.3,90.0,90.0,4,1,72,0,-82.05
35648,91.4,90.0,90.0,4,1,94,46,-148.4
36004,100,85.0,85.0,1,1,22,0,-4.833333333333333
36005,40,100.0,100.0,0,1,76,0,-9.566666666666666
36006,74.3,85.0,85.0,3,0,61,0,-54.85
36007,74.3,80.0,80.0,1,1,47,0,-3.75
36008,74.3,85.0,85.0,1,1,0,0,NULL
36009,82.9,100.0,100.0,1,NULL,0.0,0.0,NULL
32855,57.1,70.0,70.0,2,0,24,0,-0.4666666666666667
36146,54.3,NULL,NULL,NULL,0,70,24,-19.766666666666666
36038,91.4,90.0,90.0,0,1,22,0,-0.6333333333333333
34684,57.1,100.0,50.0,2,0,15,0,NULL
35952,68.6,100.0,100.0,0,1,46,0,-4.716666666666667
34686,77.1,100.0,100.0,1,1,14,2,NULL
36418,77.1,NULL,NULL,NULL,NULL,0.0,0.0,NULL
35957,100,95.0,95.0,1,0,22,22,-44.483333333333334
34681,88.6,90.0,90.0,NULL,1,94,0,-78.48333333333333
35955,60,100.0,100.0,1,0,86,23,-151.06666666666666
35954,62.9,78.0,78.0,3,0,84,59,-78.8
36413,71.4,80.0,80.0,2,0,51,0,-2.4166666666666665
35776,57.1,75.0,75.0,0,NULL,0.0,0.0,NULL
35959,45.7,NULL,NULL,1,0,0,0,NULL
35774,94.3,100.0,80.0,0,0,44,0,-3.066666666666667
34688,85.7,80.0,80.0,2,1,36,0,-2.683333333333333
34689,40,70.0,70.0,3,0,46,35,-50.93333333333333
35771,71.4,100.0,100.0,4,1,70,46,-69.05
36414,85.7,100.0,85.0,2,1,27,0,-0.4
35225,88.6,100.0,100.0,2,NULL,0.0,0.0,NULL
35224,71.4,100.0,100.0,1,0,69,0,-2.3
33629,45.7,70.0,70.0,3,1,94,0,-69.8
36053,51.4,70.0,70.0,2,1,44,0,-45.75
35223,82.9,85.0,85.0,4,0,94,94,-104.76666666666667
35942,51.4,NULL,NULL,NULL,NULL,0.0,0.0,NULL
33620,48.6,82.0,82.0,2,1,73,12,-25.666666666666668
33627,91.4,70.0,70.0,4,1,94,94,-139.71666666666667
35559,48.6,70.0,70.0,0,0,86,0,-116.73333333333333
35558,48.6,90.0,90.0,1,0,34,0,-18.766666666666666
34705,74.3,80.0,80.0,0,1,67,0,-46.766666666666666
34704,74.3,100.0,70.0,0,1,36,0,-5.416666666666667
35797,71.4,85.0,85.0,2,0,29,0,-2.466666666666667
34706,62.9,100.0,70.0,0,0,14,0,NULL
34701,74.3,80.0,80.0,0,NULL,0.0,0.0,NULL
34700,48.6,100.0,90.0,0,NULL,0.0,0.0,NULL
35793,34.3,100.0,100.0,0,1,94,0,-8.866666666666667
35792,54.3,100.0,100.0,1,NULL,0.0,0.0,NULL
35654,62.9,60.0,60.0,4,1,94,24,-120.88333333333334
35655,85.7,NULL,NULL,NULL,1,70,40,-34.016666666666666
35656,42.9,100.0,80.0,3,1,60,60,-146.33333333333334
35657,68.6,100.0,90.0,4,0,94,94,-167.21666666666667
34709,77.1,100.0,93.0,0,0,46,0,-1.6333333333333333
35651,37.1,100.0,100.0,2,1,70,0,1088.65
35653,77.1,65.0,65.0,1,1,22,0,-3.933333333333333
36211,51.4,75.0,75.0,2,1,19,0,NULL
36036,74.3,NULL,NULL,NULL,NULL,0.0,0.0,NULL
36248,71.4,89.0,89.0,2,0,46,0,-24.433333333333334
35767,88.6,75.0,75.0,1,1,94,24,-142.75
27118,85.7,100.0,90.0,0,1,64,0,-2.466666666666667
35790,88.6,100.0,77.0,0,0,70,0,-26.533333333333335
36249,74.3,80.0,80.0,2,0,53,16,-45.56666666666667
35638,85.7,100.0,100.0,4,0,94,0,-6.8
36075,71.4,100.0,100.0,4,1,45,24,-29.916666666666668
35251,94.3,90.0,90.0,1,NULL,0.0,0.0,NULL
35252,88.6,90.0,90.0,2,0,70,0,-20.566666666666666
35253,88.6,100.0,100.0,0,0,40,24,-22.7
35254,54.3,80.0,80.0,3,0,94,72,-139.45
35255,82.9,90.0,90.0,2,0,0,0,NULL
36073,94.3,100.0,100.0,4,1,48,0,-16.366666666666667
35257,82.9,30.0,70.0,1,1,12,0,NULL
36174,65.7,100.0,100.0,1,1,40,0,-2.433333333333333
36175,71.4,75.0,75.0,2,0,89,0,-11.116666666666667
36176,48.6,100.0,100.0,2,1,54,0,-25.783333333333335
36079,77.1,90.0,90.0,3,0,46,0,-21.4
36078,100,80.0,80.0,4,1,94,46,-53.416666666666664
36172,97.1,100.0,100.0,1,0,16,0,NULL
36173,91.4,100.0,100.0,4,0,46,0,-10.116666666666667
30187,60,85.0,85.0,2,0,36,0,-2.283333333333333
35429,82.9,80.0,80.0,3,0,49,0,-47.583333333333336
34252,94.3,NULL,NULL,NULL,NULL,0.0,0.0,NULL
36216,51.4,50.0,50.0,0,1,0,0,NULL
36396,100,100.0,100.0,2,NULL,0.0,0.0,NULL
35423,48.6,99.0,99.0,3,0,48,0,-99.15
35422,51.4,NULL,NULL,NULL,0,46,0,-4.75
35421,77.1,80.0,80.0,0,NULL,0.0,0.0,NULL
35279,94.3,100.0,100.0,4,1,94,24,-68.41666666666667
35427,68.6,70.0,70.0,4,0,94,70,-30.583333333333332
35425,85.7,90.0,90.0,0,0,27,0,-3.0166666666666666
35424,65.7,NULL,NULL,NULL,0,64,40,-54.46666666666667
34699,57.1,100.0,85.0,0,1,14,0,NULL
35428,88.6,100.0,100.0,4,1,94,0,-143.41666666666666
36162,91.4,100.0,100.0,1,0,1,1,NULL
36161,71.4,80.0,80.0,4,0,83,38,-29.633333333333333
35864,100,90.0,90.0,2,1,14,0,NULL
33983,74.3,85.0,85.0,0,NULL,0.0,0.0,NULL
36160,51.4,80.0,80.0,4,1,94,67,-28.516666666666666
30136,60,NULL,NULL,NULL,1,52,36,-45.083333333333336
36167,48.6,50.0,60.0,3,1,94,30,-165.41666666666666
30504,85.7,100.0,100.0,0,0,8,0,NULL
36165,94.3,80.0,80.0,4,0,94,0,-21.233333333333334
36322,51.4,80.0,80.0,4,0,94,54,-79.03333333333333
33803,85.7,80.0,80.0,3,1,94,46,-69.33333333333333
36210,60,70.0,70.0,2,0,34,20,-20.7
36213,54.3,70.0,70.0,1,NULL,0.0,0.0,NULL
36050,88.6,NULL,NULL,NULL,NULL,0.0,0.0,NULL
36215,60,100.0,100.0,3,0,63,41,-29.55
36214,71.4,100.0,80.0,2,1,28,14,-46.983333333333334
36217,80,90.0,90.0,0,0,70,0,-3.4
33804,45.7,85.0,85.0,2,1,94,0,-29.9
36219,62.9,85.0,85.0,1,1,94,0,-4.7
36218,88.6,87.0,87.0,0,1,24,0,-2.533333333333333
36193,42.9,NULL,NULL,3,NULL,0.0,0.0,NULL
35861,77.1,85.0,85.0,4,1,94,48,-169.81666666666666
34088,51.4,60.0,60.0,4,1,0,0,NULL
35087,82.9,80.0,80.0,1,0,5,0,NULL
31217,94.3,NULL,NULL,NULL,NULL,0.0,0.0,NULL
35044,94.3,85.0,85.0,0,1,0,0,NULL
34538,77.1,60.0,60.0,0,0,84,0,-19.716666666666665
34539,40,100.0,100.0,0,0,24,0,-3.1333333333333333
34532,80,80.0,75.0,2,1,5,0,NULL
34533,65.7,88.0,88.0,1,NULL,0.0,0.0,NULL
34530,82.9,100.0,100.0,2,1,10,0,NULL
34535,94.3,100.0,100.0,4,1,94,24,-36.43333333333333
35917,82.9,100.0,100.0,0,0,46,0,-21.4
35845,74.3,85.0,85.0,0,1,20,0,-21.066666666666666
35915,82.9,100.0,100.0,4,1,70,24,-23.666666666666668
35914,60,100.0,100.0,2,1,67,3,-18.95
35912,60,NULL,NULL,NULL,0,32,0,-2.65
35911,100,90.0,90.0,4,0,89,0,-20.733333333333334
36052,80,90.0,85.0,2,1,22,0,-40.81666666666667
36325,88.6,NULL,NULL,NULL,1,70,70,-144.16666666666666
36324,94.3,100.0,90.0,1,NULL,0.0,0.0,NULL
36326,74.3,98.0,100.0,2,1,36,0,-4.616666666666666
36051,57.1,90.0,90.0,4,1,92,58,-47.6
35919,88.6,85.0,85.0,0,0,1,0,NULL
35918,34.3,70.0,70.0,2,1,67,43,-143.7
35130,68.6,100.0,100.0,2,0,94,0,-5.383333333333334
36288,74.3,90.0,90.0,0,NULL,0.0,0.0,NULL
34034,88.6,100.0,100.0,2,0,46,0,-9.233333333333333
34030,88.6,100.0,100.0,3,1,46,0,-1.9666666666666666
35139,60,100.0,70.0,4,0,94,0,-120.65
36283,77.1,90.0,90.0,0,1,46,0,-50.25
36281,68.6,85.0,85.0,2,0,4,2,NULL
36286,80,100.0,100.0,0,1,0,0,NULL
36287,94.3,100.0,100.0,3,0,72,48,-98.81666666666666
36284,62.9,90.0,90.0,0,0,94,0,-6.083333333333333
36056,77.1,100.0,85.0,0,NULL,0.0,0.0,NULL
35610,65.7,80.0,80.0,3,1,14,0,NULL
35611,74.3,100.0,90.0,2,1,54,0,-25.833333333333332
35599,68.6,100.0,100.0,2,0,64,0,-25.95
35598,94.3,90.0,90.0,4,1,94,0,-67.43333333333334
35614,42.9,80.0,80.0,1,0,0,0,NULL
35615,71.4,85.0,85.0,2,0,40,0,-26.566666666666666
35616,88.6,100.0,80.0,3,NULL,0.0,0.0,NULL
35617,85.7,100.0,100.0,1,0,2,0,NULL
35261,91.4,100.0,100.0,4,1,94,94,-165.31666666666666
35592,80,50.0,90.0,3,0,70,0,-68.16666666666667
35263,54.3,80.0,70.0,1,0,24,0,-3.0
35262,62.9,100.0,100.0,3,1,70,65,-69.33333333333333
35597,37.1,80.0,90.0,2,0,57,43,-75.56666666666666
35596,94.3,NULL,NULL,NULL,NULL,0.0,0.0,NULL
35267,100,100.0,100.0,4,0,94,72,-144.11666666666667
35594,51.4,NULL,NULL,NULL,1,12,0,NULL
34626,85.7,80.0,80.0,0,0,24,0,-2.8333333333333335
34624,71.4,70.0,70.0,0,1,78,0,-7.033333333333333
34625,65.7,90.0,90.0,3,1,81,0,-97.95
34623,51.4,80.0,80.0,1,0,39,6,-3.6333333333333333
27980,42.9,60.0,60.0,3,1,71,19,-138.35
35798,65.7,100.0,100.0,1,1,36,0,-3.45
36110,68.6,90.0,90.0,1,1,49,0,-8.366666666666667
34628,65.7,90.0,100.0,2,0,51,23,-43.4
36130,77.1,100.0,100.0,1,1,24,0,-0.2
36131,77.1,89.0,89.0,1,0,50,0,-5.066666666666666
36132,80,100.0,85.0,0,0,63,0,-3.533333333333333
36111,60,80.0,80.0,0,1,7,0,NULL
36134,74.3,90.0,90.0,4,1,94,94,-169.41666666666666
36135,25.7,50.0,50.0,4,1,94,70,-144.88333333333333
36136,91.4,100.0,100.0,2,0,3,0,NULL
36137,77.1,78.0,78.0,0,NULL,0.0,0.0,NULL
36138,74.3,100.0,90.0,2,1,25,22,-147.9
36116,51.4,95.0,95.0,1,NULL,0.0,0.0,NULL
36028,60,55.0,55.0,0,0,59,0,-5.466666666666667
35724,85.7,100.0,100.0,1,0,66,24,-46.25
35725,51.4,NULL,NULL,NULL,0,21,0,-5.383333333333334
35726,60,70.0,70.0,1,1,67,0,-1.7333333333333334
35727,68.6,80.0,80.0,3,0,69,0,-3.5166666666666666
35721,94.3,100.0,100.0,2,1,94,24,-92.53333333333333
35689,97.1,100.0,100.0,2,0,22,0,-15.416666666666666
35688,68.6,85.0,85.0,2,1,62,0,-4.8
33410,57.1,100.0,100.0,2,1,93,0,-20.516666666666666
35686,74.3,80.0,80.0,0,NULL,0.0,0.0,NULL
35685,88.6,100.0,100.0,4,1,94,0,-40.35
35684,60,60.0,60.0,1,1,46,0,-6.166666666666667
35728,88.6,80.0,80.0,4,1,86,0,-48.11666666666667
35682,74.3,100.0,100.0,3,NULL,0.0,0.0,NULL
35681,88.6,100.0,87.0,0,NULL,0.0,0.0,NULL
35680,40,NULL,NULL,3,1,85,77,-45.96666666666667
35467,68.6,NULL,NULL,NULL,0,12,0,NULL
35466,94.3,80.0,80.0,4,0,93,93,-177.23333333333332
30149,60,65.0,65.0,3,0,19,0,NULL
35464,37.1,75.0,75.0,4,1,94,0,-49.2
35463,100,100.0,100.0,4,0,94,24,-179.53333333333333
35462,62.9,80.0,80.0,3,1,94,0,-17.9
34977,74.3,88.0,88.0,1,1,24,0,-4.566666666666666
36388,74.3,NULL,NULL,NULL,NULL,0.0,0.0,NULL
36029,60,100.0,100.0,3,1,94,0,-43.583333333333336
35665,82.9,87.0,87.0,2,0,16,16,NULL
35664,74.3,100.0,100.0,4,1,52,0,-21.033333333333335
35667,82.9,85.0,92.0,3,1,91,70,-55.2
35666,85.7,100.0,100.0,1,0,94,24,-147.68333333333334
35661,65.7,100.0,100.0,0,0,46,0,-4.033333333333333
35660,65.7,78.0,78.0,4,0,70,45,-69.48333333333333
35663,74.3,90.0,90.0,2,0,67,46,-24.5
36133,100,89.0,89.0,2,NULL,0.0,0.0,NULL
36195,57.1,80.0,80.0,1,1,24,0,-0.5833333333333334
35669,68.6,80.0,80.0,0,NULL,0.0,0.0,NULL
36405,91.4,100.0,100.0,1,NULL,0.0,0.0,NULL
36296,54.3,100.0,100.0,4,0,94,0,-5.966666666666667
36267,71.4,100.0,100.0,1,NULL,0.0,0.0,NULL
35975,71.4,80.0,80.0,2,1,57,30,-103.28333333333333
34548,54.3,100.0,100.0,4,0,94,94,-174.01666666666668
35750,51.4,100.0,100.0,3,1,94,70,-59.78333333333333
35096,22.9,NULL,NULL,NULL,NULL,0.0,0.0,NULL
34845,88.6,95.0,95.0,2,0,72,0,-29.35
34842,74.3,75.0,75.0,1,0,45,0,-34.63333333333333
35977,88.6,90.0,90.0,4,1,94,94,-51.4
36145,65.7,60.0,60.0,4,0,75,0,-21.366666666666667
36144,62.9,NULL,NULL,NULL,1,0,0,NULL
33706,62.9,100.0,85.0,2,1,94,0,-66.01666666666667
35976,80,70.0,70.0,1,1,94,24,-74.73333333333333
36141,68.6,100.0,100.0,2,1,45,0,-3.4
33701,91.4,85.0,85.0,4,1,94,24,-174.6
33702,51.4,99.0,82.0,2,0,21,0,-20.7
36142,71.4,100.0,100.0,4,1,70,2,-4.733333333333333
35755,71.4,100.0,85.0,2,1,35,0,-3.3333333333333335
35700,74.3,86.0,86.0,2,1,70,2,-6.583333333333333
36149,45.7,75.0,75.0,2,1,54,0,-3.5833333333333335
36148,60,80.0,80.0,0,NULL,0.0,0.0,NULL
35810,62.9,100.0,90.0,2,0,30,0,-20.116666666666667
36404,62.9,76.0,76.0,2,0,94,0,-58.28333333333333
34369,77.1,80.0,80.0,0,1,17,0,NULL
35973,71.4,70.0,65.0,1,1,46,0,-20.016666666666666
35826,97.1,90.0,90.0,1,1,46,0,-4.45
35756,34.3,100.0,80.0,4,0,94,0,-23.4
36382,68.6,60.0,80.0,2,0,22,0,-4.016666666666667
33849,40,50.0,50.0,0,NULL,0.0,0.0,NULL
33848,37.1,100.0,100.0,NULL,0,57,0,-1.7166666666666666
35759,57.1,NULL,NULL,4,0,32,0,-3.216666666666667
35758,77.1,100.0,100.0,4,0,81,0,-121.58333333333333
35876,54.3,75.0,75.0,1,1,0,0,NULL
36401,80,100.0,100.0,2,0,46,0,-7.466666666666667
31702,48.6,100.0,100.0,2,1,60,48,-56.166666666666664
36021,71.4,95.0,100.0,4,0,94,94,-141.8
35778,48.6,100.0,100.0,1,0,59,0,-4.383333333333334
35870,57.1,NULL,NULL,NULL,1,0,0,NULL
35820,57.1,85.0,85.0,1,0,46,0,-3.966666666666667
35871,91.4,NULL,NULL,NULL,NULL,0.0,0.0,NULL
36337,54.3,67.0,67.0,4,0,80,0,-94.86666666666666
36024,65.7,80.0,80.0,1,0,54,0,-8.666666666666666
35816,60,100.0,100.0,2,1,43,0,-5.1
34213,80,95.0,95.0,0,NULL,0.0,0.0,NULL
34212,34.3,50.0,75.0,3,1,2,0,NULL
36197,31.4,NULL,NULL,NULL,0,0,0,NULL
36402,65.7,70.0,70.0,1,1,88,0,-17.45
35169,77.1,100.0,100.0,4,0,94,64,-65.98333333333333
34060,65.7,100.0,100.0,3,0,9,0,NULL
35892,60,NULL,NULL,NULL,1,60,24,-22.533333333333335
35893,51.4,100.0,100.0,1,NULL,0.0,0.0,NULL
36199,91.4,100.0,100.0,2,0,11,0,NULL
35891,65.7,85.0,85.0,2,1,25,0,-3.466666666666667
35896,57.1,100.0,85.0,2,1,24,0,-20.05
35897,40,NULL,NULL,NULL,1,24,0,-7.083333333333333
35894,54.3,80.0,80.0,1,0,0,0,NULL
36080,91.4,90.0,90.0,1,NULL,0.0,0.0,NULL
36081,74.3,69.0,100.0,1,NULL,0.0,0.0,NULL
35898,77.1,95.0,95.0,3,1,55,0,-3.033333333333333
36083,100,80.0,80.0,2,0,46,0,-20.233333333333334
36084,91.4,85.0,85.0,2,0,75,14,-22.916666666666668
36085,85.7,85.0,85.0,NULL,1,89,0,-79.76666666666667
36086,71.4,50.0,50.0,1,0,34,0,-4.366666666666666
36022,71.4,96.0,96.0,2,0,94,0,-30.15
36323,91.4,100.0,100.0,0,NULL,0.0,0.0,NULL
34528,100,100.0,100.0,1,0,0,0,NULL
35769,65.7,76.0,76.0,2,0,49,4,-26.9
36247,85.7,80.0,80.0,2,1,3,0,NULL
36244,45.7,80.0,80.0,2,NULL,0.0,0.0,NULL
36242,68.6,100.0,80.0,3,0,46,0,-48.733333333333334
36243,100,93.0,93.0,4,1,94,94,-92.03333333333333
36240,77.1,80.0,80.0,2,1,27,0,-1.2
36241,100,100.0,100.0,1,1,44,0,-20.883333333333333
34442,31.4,NULL,NULL,NULL,0,12,0,NULL
34443,42.9,80.0,80.0,0,0,30,0,-17.35
34440,62.9,NULL,NULL,NULL,1,22,0,-1.8
34446,34.3,75.0,75.0,0,NULL,0.0,0.0,NULL
34447,65.7,80.0,85.0,4,0,94,46,-166.7
34445,57.1,80.0,80.0,1,NULL,0.0,0.0,NULL
34449,77.1,80.0,80.0,0,NULL,0.0,0.0,NULL
36023,42.9,60.0,60.0,1,1,2,0,NULL
35478,57.1,80.0,80.0,2,0,71,3,-11.033333333333333
35719,88.6,80.0,80.0,4,0,94,94,-119.56666666666666
35718,85.7,100.0,100.0,0,NULL,0.0,0.0,NULL
35715,68.6,80.0,80.0,0,0,46,0,-3.466666666666667
35714,94.3,93.0,93.0,2,1,92,0,-20.2
35716,94.3,100.0,100.0,4,0,92,22,-35.03333333333333
35710,71.4,80.0,80.0,2,1,49,0,978.55
35713,88.6,80.0,80.0,4,0,94,94,-170.23333333333332
35712,100,90.0,90.0,2,0,3,0,NULL
35944,85.7,80.0,80.0,3,0,94,0,-47.916666666666664
34541,25.7,70.0,70.0,2,NULL,0.0,0.0,NULL
34540,54.3,100.0,85.0,2,1,56,0,-21.766666666666666
34546,48.6,70.0,70.0,0,0,51,0,-3.7333333333333334
34545,45.7,50.0,50.0,0,0,37,0,-5.333333333333333
33587,85.7,93.0,91.0,0,1,22,0,-0.6
34663,62.9,80.0,80.0,4,1,94,94,-79.51666666666667
34549,51.4,NULL,NULL,3,0,82,35,-45.45
34661,77.1,75.0,75.0,1,0,48,0,-2.95
34666,48.6,60.0,90.0,1,1,16,0,NULL
34667,34.3,NULL,NULL,NULL,NULL,0.0,0.0,NULL
34664,51.4,100.0,100.0,2,0,20,0,-1.9666666666666666
35827,97.1,90.0,90.0,2,0,46,0,-5.1
35676,51.4,90.0,90.0,1,1,26,0,1141.35
35825,45.7,100.0,75.0,2,0,55,0,-4.733333333333333
35824,62.9,80.0,80.0,0,0,0,0,NULL
35822,45.7,60.7,60.7,0,0,31,0,-6.383333333333334
35821,65.7,70.0,100.0,4,0,90,0,-101.75
35677,62.9,85.0,85.0,1,0,0,0,NULL
35940,88.6,95.0,94.0,4,0,94,0,-75.23333333333333
36408,68.6,100.0,90.0,3,0,16,0,NULL
35829,97.1,100.0,100.0,0,0,8,0,NULL
35768,94.3,85.0,85.0,0,NULL,0.0,0.0,NULL
35000,80,80.0,80.0,0,NULL,0.0,0.0,NULL
35003,85.7,80.0,80.0,4,1,73,73,-1.7333333333333334
35948,100,100.0,100.0,1,0,24,0,-4.5
35949,100,98.0,100.0,3,1,75,0,-20.116666666666667
34140,17.1,100.0,100.0,2,NULL,0.0,0.0,NULL
35760,77.1,80.0,80.0,0,1,94,0,-54.78333333333333
35761,65.7,100.0,80.0,NULL,0,60,0,-53.06666666666667
35762,60,75.0,75.0,4,1,94,70,-76.11666666666666
35947,68.6,90.0,90.0,0,NULL,0.0,0.0,NULL
35764,71.4,100.0,100.0,1,1,64,0,-5.05
35765,80,100.0,90.0,2,1,70,0,-20.916666666666668
35766,60,100.0,100.0,1,1,65,22,-24.5
35943,94.3,85.0,85.0,1,1,70,24,-71.63333333333334
